NAME	SYMBOL	TITLE	RANK IN GENE LIST	RANK METRIC SCORE	RUNNING ES	CORE ENRICHMENT	
row_0	RPS12	ribosomal protein S12 [Source:HGNC Symbol;Acc:HGNC:10385]	74	0.36005106568336487	0.0052251555	Yes	
row_1	RPL38	ribosomal protein L38 [Source:HGNC Symbol;Acc:HGNC:10349]	78	0.3552364110946655	0.058104	Yes	
row_2	RPL22L1	ribosomal protein L22 like 1 [Source:HGNC Symbol;Acc:HGNC:27610]	126	0.29439282417297363	0.07158251	Yes	
row_3	CTH	cystathionine gamma-lyase [Source:HGNC Symbol;Acc:HGNC:2501]	128	0.2935722768306732	0.11629066	Yes	
row_4	RPS2	ribosomal protein S2 [Source:HGNC Symbol;Acc:HGNC:10404]	151	0.26069504022598267	0.14160067	Yes	
row_5	RPS18	ribosomal protein S18 [Source:HGNC Symbol;Acc:HGNC:10401]	157	0.25524580478668213	0.17765643	Yes	
row_6	RPL41	ribosomal protein L41 [Source:HGNC Symbol;Acc:HGNC:10354]	165	0.24525956809520721	0.21080488	Yes	
row_7	RPS28	ribosomal protein S28 [Source:HGNC Symbol;Acc:HGNC:10418]	167	0.244924858212471	0.24799155	Yes	
row_8	RPS20	ribosomal protein S20 [Source:HGNC Symbol;Acc:HGNC:10405]	173	0.2374507635831833	0.28129598	Yes	
row_9	RPLP0	ribosomal protein lateral stalk subunit P0 [Source:HGNC Symbol;Acc:HGNC:10371]	183	0.22600650787353516	0.31010434	Yes	
row_10	RPLP1	ribosomal protein lateral stalk subunit P1 [Source:HGNC Symbol;Acc:HGNC:10372]	201	0.1977231800556183	0.32908645	Yes	
row_11	RPL32	ribosomal protein L32 [Source:HGNC Symbol;Acc:HGNC:10336]	206	0.19260351359844208	0.35613865	Yes	
row_12	RPS9	ribosomal protein S9 [Source:HGNC Symbol;Acc:HGNC:10442]	207	0.1923254281282425	0.38587448	Yes	
row_13	RPL13A	ribosomal protein L13a [Source:HGNC Symbol;Acc:HGNC:10304]	248	0.15681472420692444	0.3828534	Yes	
row_14	RPL35	ribosomal protein L35 [Source:HGNC Symbol;Acc:HGNC:10344]	253	0.152143657207489	0.40365	Yes	
row_15	RPL8	ribosomal protein L8 [Source:HGNC Symbol;Acc:HGNC:10368]	267	0.1402418613433838	0.41647142	Yes	
row_16	RPS27A	ribosomal protein S27a [Source:HGNC Symbol;Acc:HGNC:10417]	269	0.1396396905183792	0.43737975	Yes	
row_17	RPL39	ribosomal protein L39 [Source:HGNC Symbol;Acc:HGNC:10350]	271	0.1391732394695282	0.45821595	Yes	
row_18	RPS4X	ribosomal protein S4 X-linked [Source:HGNC Symbol;Acc:HGNC:10424]	273	0.1367633044719696	0.47867954	Yes	
row_19	RPS23	ribosomal protein S23 [Source:HGNC Symbol;Acc:HGNC:10410]	278	0.13324686884880066	0.49655446	Yes	
row_20	RPL18	ribosomal protein L18 [Source:HGNC Symbol;Acc:HGNC:10310]	281	0.1316101849079132	0.51553965	Yes	
row_21	RPL10	ribosomal protein L10 [Source:HGNC Symbol;Acc:HGNC:10298]	305	0.11506337672472	0.5176516	Yes	
row_22	RPS14	ribosomal protein S14 [Source:HGNC Symbol;Acc:HGNC:10387]	310	0.11359653621912003	0.53248835	Yes	
row_23	FAU	FAU ubiquitin like and ribosomal protein S30 fusion [Source:HGNC Symbol;Acc:HGNC:3597]	315	0.10990303009748459	0.546754	Yes	
row_24	RPS29	ribosomal protein S29 [Source:HGNC Symbol;Acc:HGNC:10419]	322	0.10545624792575836	0.55896884	Yes	
row_25	RPL27A	ribosomal protein L27a [Source:HGNC Symbol;Acc:HGNC:10329]	350	0.08908809721469879	0.55433804	Yes	
row_26	RPS27	ribosomal protein S27 [Source:HGNC Symbol;Acc:HGNC:10416]	355	0.08513175696134567	0.5647738	Yes	
row_27	RPL13	ribosomal protein L13 [Source:HGNC Symbol;Acc:HGNC:10303]	358	0.08204741030931473	0.57609594	Yes	
row_28	RPL37	ribosomal protein L37 [Source:HGNC Symbol;Acc:HGNC:10347]	362	0.07777255773544312	0.58607554	Yes	
row_29	RPS19	ribosomal protein S19 [Source:HGNC Symbol;Acc:HGNC:10402]	375	0.06834742426872253	0.58846295	Yes	
row_30	RPL14	ribosomal protein L14 [Source:HGNC Symbol;Acc:HGNC:10305]	391	0.05842460319399834	0.58727115	Yes	
row_31	RPS3	ribosomal protein S3 [Source:HGNC Symbol;Acc:HGNC:10420]	393	0.0578058660030365	0.59552693	Yes	
row_32	RPL18A	ribosomal protein L18a [Source:HGNC Symbol;Acc:HGNC:10311]	408	0.050420571118593216	0.59377927	No	
row_33	RPS3A	ribosomal protein S3A [Source:HGNC Symbol;Acc:HGNC:10421]	429	0.03559090942144394	0.58564883	No	
row_34	RPL3	ribosomal protein L3 [Source:HGNC Symbol;Acc:HGNC:10332]	452	0.018741441890597343	0.57354987	No	
row_35	RPL37A	ribosomal protein L37a [Source:HGNC Symbol;Acc:HGNC:10348]	453	0.01870943233370781	0.5764426	No	
row_36	RPS8	ribosomal protein S8 [Source:HGNC Symbol;Acc:HGNC:10441]	464	0.014581971801817417	0.5718805	No	
row_37	RPL31	ribosomal protein L31 [Source:HGNC Symbol;Acc:HGNC:10334]	467	0.013271933421492577	0.5725692	No	
row_38	RPS5	ribosomal protein S5 [Source:HGNC Symbol;Acc:HGNC:10426]	488	0.0028164794202893972	0.55937135	No	
row_39	RPL5	ribosomal protein L5 [Source:HGNC Symbol;Acc:HGNC:10360]	555	-0.02983498014509678	0.51899445	No	
row_40	MARS1	methionyl-tRNA synthetase 1 [Source:HGNC Symbol;Acc:HGNC:6898]	590	-0.05054149031639099	0.5036322	No	
row_41	INMT	indolethylamine N-methyltransferase [Source:HGNC Symbol;Acc:HGNC:6069]	1164	-0.30151134729385376	0.15965644	No	
row_42	RPL39L	ribosomal protein L39 like [Source:HGNC Symbol;Acc:HGNC:17094]	1473	-0.4840224087238312	0.024539849	No	
