NAME	SYMBOL	TITLE	RANK IN GENE LIST	RANK METRIC SCORE	RUNNING ES	CORE ENRICHMENT	
row_0	MMP8	matrix metallopeptidase 8 [Source:HGNC Symbol;Acc:HGNC:7175]	93	0.331643283367157	-0.05293522	No	
row_1	MMP12	matrix metallopeptidase 12 [Source:HGNC Symbol;Acc:HGNC:7158]	103	0.3184586763381958	-0.047134988	No	
row_2	ITGB2	integrin subunit beta 2 [Source:HGNC Symbol;Acc:HGNC:6155]	107	0.3139176666736603	-0.037276655	No	
row_3	DMP1	dentin matrix acidic phosphoprotein 1 [Source:HGNC Symbol;Acc:HGNC:2932]	169	0.24279646575450897	-0.07103383	No	
row_4	CTSS	cathepsin S [Source:HGNC Symbol;Acc:HGNC:2545]	172	0.2416912317276001	-0.06322526	No	
row_5	CTSD	cathepsin D [Source:HGNC Symbol;Acc:HGNC:2529]	212	0.18926751613616943	-0.083509415	No	
row_6	MMP10	matrix metallopeptidase 10 [Source:HGNC Symbol;Acc:HGNC:7156]	239	0.16502778232097626	-0.09555033	No	
row_7	TIMP1	TIMP metallopeptidase inhibitor 1 [Source:HGNC Symbol;Acc:HGNC:11820]	275	0.13542653620243073	-0.11506731	No	
row_8	LAMA1	laminin subunit alpha 1 [Source:HGNC Symbol;Acc:HGNC:6481]	291	0.12403398752212524	-0.12091447	No	
row_9	COL6A6	collagen type VI alpha 6 chain [Source:HGNC Symbol;Acc:HGNC:27023]	343	0.09169887006282806	-0.15338288	No	
row_10	COL4A3	collagen type IV alpha 3 chain [Source:HGNC Symbol;Acc:HGNC:2204]	379	0.06700477749109268	-0.17550972	No	
row_11	EFEMP1	EGF containing fibulin extracellular matrix protein 1 [Source:HGNC Symbol;Acc:HGNC:3218]	444	0.025409085676074028	-0.21967451	No	
row_12	FBLN5	fibulin 5 [Source:HGNC Symbol;Acc:HGNC:3602]	448	0.02207306958734989	-0.22094822	No	
row_13	COL18A1	collagen type XVIII alpha 1 chain [Source:HGNC Symbol;Acc:HGNC:2195]	526	-0.013883547857403755	-0.2747205	No	
row_14	JAM2	junctional adhesion molecule 2 [Source:HGNC Symbol;Acc:HGNC:14686]	566	-0.03696415573358536	-0.30081406	No	
row_15	ITGB4	integrin subunit beta 4 [Source:HGNC Symbol;Acc:HGNC:6158]	570	-0.038728244602680206	-0.3014525	No	
row_16	COL4A1	collagen type IV alpha 1 chain [Source:HGNC Symbol;Acc:HGNC:2202]	578	-0.042106542736291885	-0.30478293	No	
row_17	FMOD	fibromodulin [Source:HGNC Symbol;Acc:HGNC:3774]	580	-0.04436853528022766	-0.30379575	No	
row_18	VCAM1	vascular cell adhesion molecule 1 [Source:HGNC Symbol;Acc:HGNC:12663]	641	-0.07495652884244919	-0.34324974	No	
row_19	NRXN1	neurexin 1 [Source:HGNC Symbol;Acc:HGNC:8008]	666	-0.08826746046543121	-0.35680816	No	
row_20	SERPINH1	serpin family H member 1 [Source:HGNC Symbol;Acc:HGNC:1546]	675	-0.0921463817358017	-0.3589351	No	
row_21	COL4A2	collagen type IV alpha 2 chain [Source:HGNC Symbol;Acc:HGNC:2203]	696	-0.10371076315641403	-0.36908355	No	
row_22	FBN2	fibrillin 2 [Source:HGNC Symbol;Acc:HGNC:3604]	705	-0.10849088430404663	-0.37058705	No	
row_23	COL6A3	collagen type VI alpha 3 chain [Source:HGNC Symbol;Acc:HGNC:2213]	798	-0.16234524548053741	-0.4292747	No	
row_24	MMP3	matrix metallopeptidase 3 [Source:HGNC Symbol;Acc:HGNC:7173]	801	-0.16361014544963837	-0.42444444	No	
row_25	NCAM1	neural cell adhesion molecule 1 [Source:HGNC Symbol;Acc:HGNC:7656]	812	-0.1687563806772232	-0.42505965	No	
row_26	P3H3	prolyl 3-hydroxylase 3 [Source:HGNC Symbol;Acc:HGNC:19318]	824	-0.1785954236984253	-0.42600474	No	
row_27	DCN	decorin [Source:HGNC Symbol;Acc:HGNC:2705]	830	-0.17977119982242584	-0.4226737	No	
row_28	COL11A1	collagen type XI alpha 1 chain [Source:HGNC Symbol;Acc:HGNC:2186]	866	-0.19655415415763855	-0.43985903	No	
row_29	COL6A1	collagen type VI alpha 1 chain [Source:HGNC Symbol;Acc:HGNC:2211]	871	-0.19874824583530426	-0.43509892	No	
row_30	COL2A1	collagen type II alpha 1 chain [Source:HGNC Symbol;Acc:HGNC:2200]	882	-0.20470409095287323	-0.43434292	No	
row_31	COL8A1	collagen type VIII alpha 1 chain [Source:HGNC Symbol;Acc:HGNC:2215]	888	-0.2091706395149231	-0.42989045	No	
row_32	LUM	lumican [Source:HGNC Symbol;Acc:HGNC:6724]	903	-0.2159879356622696	-0.43152493	No	
row_33	LOXL2	lysyl oxidase like 2 [Source:HGNC Symbol;Acc:HGNC:6666]	931	-0.23377342522144318	-0.44164884	No	
row_34	COL3A1	collagen type III alpha 1 chain [Source:HGNC Symbol;Acc:HGNC:2201]	957	-0.24593979120254517	-0.44989827	No	
row_35	COL6A2	collagen type VI alpha 2 chain [Source:HGNC Symbol;Acc:HGNC:2212]	962	-0.24952976405620575	-0.44320112	No	
row_36	MMP13	matrix metallopeptidase 13 [Source:HGNC Symbol;Acc:HGNC:7159]	977	-0.25571539998054504	-0.44332027	No	
row_37	THBS1	thrombospondin 1 [Source:HGNC Symbol;Acc:HGNC:11785]	995	-0.2660684585571289	-0.44516012	No	
row_38	COL1A2	collagen type I alpha 2 chain [Source:HGNC Symbol;Acc:HGNC:2198]	1001	-0.27010810375213623	-0.4383833	No	
row_39	ADAMTS1	ADAM metallopeptidase with thrombospondin type 1 motif 1 [Source:HGNC Symbol;Acc:HGNC:217]	1024	-0.27674803137779236	-0.4433419	No	
row_40	CDH1	cadherin 1 [Source:HGNC Symbol;Acc:HGNC:1748]	1068	-0.2885275185108185	-0.4626608	Yes	
row_41	EMILIN1	elastin microfibril interfacer 1 [Source:HGNC Symbol;Acc:HGNC:19880]	1070	-0.28862062096595764	-0.45235693	Yes	
row_42	LAMB1	laminin subunit beta 1 [Source:HGNC Symbol;Acc:HGNC:6486]	1078	-0.29063165187835693	-0.4462077	Yes	
row_43	CMA1	chymase 1 [Source:HGNC Symbol;Acc:HGNC:2097]	1104	-0.2967640161514282	-0.4525185	Yes	
row_44	MFAP4	microfibril associated protein 4 [Source:HGNC Symbol;Acc:HGNC:7035]	1108	-0.29764971137046814	-0.44328067	Yes	
row_45	TNC	tenascin C [Source:HGNC Symbol;Acc:HGNC:5318]	1116	-0.2997637987136841	-0.43678308	Yes	
row_46	VTN	vitronectin [Source:HGNC Symbol;Acc:HGNC:12724]	1135	-0.30151131749153137	-0.43797624	Yes	
row_47	CTSL	cathepsin L [Source:HGNC Symbol;Acc:HGNC:2537]	1139	-0.30151134729385376	-0.42859113	Yes	
row_48	FGB	fibrinogen beta chain [Source:HGNC Symbol;Acc:HGNC:3662]	1154	-0.30151134729385376	-0.42696345	Yes	
row_49	MMP14	matrix metallopeptidase 14 [Source:HGNC Symbol;Acc:HGNC:7160]	1191	-0.3061200976371765	-0.44067475	Yes	
row_50	LOXL1	lysyl oxidase like 1 [Source:HGNC Symbol;Acc:HGNC:6665]	1210	-0.31210803985595703	-0.4414637	Yes	
row_51	ASPN	asporin [Source:HGNC Symbol;Acc:HGNC:14872]	1219	-0.3153342008590698	-0.43507746	Yes	
row_52	SERPINE1	serpin family E member 1 [Source:HGNC Symbol;Acc:HGNC:8583]	1221	-0.31629201769828796	-0.4237181	Yes	
row_53	KLK7	kallikrein related peptidase 7 [Source:HGNC Symbol;Acc:HGNC:6368]	1231	-0.31832119822502136	-0.41792312	Yes	
row_54	ITGB6	integrin subunit beta 6 [Source:HGNC Symbol;Acc:HGNC:6161]	1232	-0.31841161847114563	-0.40577772	Yes	
row_55	FBLN1	fibulin 1 [Source:HGNC Symbol;Acc:HGNC:3600]	1243	-0.3235108256340027	-0.40049	Yes	
row_56	PCOLCE	procollagen C-endopeptidase enhancer [Source:HGNC Symbol;Acc:HGNC:8738]	1245	-0.32452428340911865	-0.38881662	Yes	
row_57	BSG	basigin (Ok blood group) [Source:HGNC Symbol;Acc:HGNC:1116]	1254	-0.32789701223373413	-0.38195118	Yes	
row_58	ITGA5	integrin subunit alpha 5 [Source:HGNC Symbol;Acc:HGNC:6141]	1258	-0.32986360788345337	-0.3714846	Yes	
row_59	CTSV	cathepsin V [Source:HGNC Symbol;Acc:HGNC:2538]	1259	-0.33013036847114563	-0.3588922	Yes	
row_60	LOXL3	lysyl oxidase like 3 [Source:HGNC Symbol;Acc:HGNC:13869]	1269	-0.33326563239097595	-0.35252717	Yes	
row_61	LTBP2	latent transforming growth factor beta binding protein 2 [Source:HGNC Symbol;Acc:HGNC:6715]	1287	-0.33892595767974854	-0.35158798	Yes	
row_62	TTR	transthyretin [Source:HGNC Symbol;Acc:HGNC:12405]	1301	-0.3464299738407135	-0.3475417	Yes	
row_63	BGN	biglycan [Source:HGNC Symbol;Acc:HGNC:1044]	1313	-0.3541111648082733	-0.341792	Yes	
row_64	SPARC	secreted protein acidic and cysteine rich [Source:HGNC Symbol;Acc:HGNC:11219]	1315	-0.35486260056495667	-0.32896143	Yes	
row_65	MFAP2	microfibril associated protein 2 [Source:HGNC Symbol;Acc:HGNC:7033]	1323	-0.3583299219608307	-0.32022992	Yes	
row_66	COL5A1	collagen type V alpha 1 chain [Source:HGNC Symbol;Acc:HGNC:2209]	1331	-0.3630671501159668	-0.3113177	Yes	
row_67	FN1	fibronectin 1 [Source:HGNC Symbol;Acc:HGNC:3778]	1335	-0.36475124955177307	-0.29952037	Yes	
row_68	COL5A2	collagen type V alpha 2 chain [Source:HGNC Symbol;Acc:HGNC:2210]	1336	-0.36551499366760254	-0.28557828	Yes	
row_69	LAMA5	laminin subunit alpha 5 [Source:HGNC Symbol;Acc:HGNC:6485]	1341	-0.36832940578460693	-0.2743497	Yes	
row_70	MMP2	matrix metallopeptidase 2 [Source:HGNC Symbol;Acc:HGNC:7166]	1343	-0.3690465986728668	-0.2609781	Yes	
row_71	FBLN2	fibulin 2 [Source:HGNC Symbol;Acc:HGNC:3601]	1350	-0.37246015667915344	-0.2510024	Yes	
row_72	LAMC1	laminin subunit gamma 1 [Source:HGNC Symbol;Acc:HGNC:6492]	1372	-0.38212400674819946	-0.25123635	Yes	
row_73	LOX	lysyl oxidase [Source:HGNC Symbol;Acc:HGNC:6664]	1380	-0.3862215280532837	-0.24144095	Yes	
row_74	COL1A1	collagen type I alpha 1 chain [Source:HGNC Symbol;Acc:HGNC:2197]	1381	-0.38649383187294006	-0.22669864	Yes	
row_75	NID1	nidogen 1 [Source:HGNC Symbol;Acc:HGNC:7821]	1389	-0.3925377130508423	-0.21666232	Yes	
row_76	MMP9	matrix metallopeptidase 9 [Source:HGNC Symbol;Acc:HGNC:7176]	1399	-0.40021416544914246	-0.20774363	Yes	
row_77	COL7A1	collagen type VII alpha 1 chain [Source:HGNC Symbol;Acc:HGNC:2214]	1414	-0.4112602174282074	-0.20192969	Yes	
row_78	COL12A1	collagen type XII alpha 1 chain [Source:HGNC Symbol;Acc:HGNC:2188]	1432	-0.4272134006023407	-0.1976229	Yes	
row_79	ICAM1	intercellular adhesion molecule 1 [Source:HGNC Symbol;Acc:HGNC:5344]	1436	-0.429869145154953	-0.18334174	Yes	
row_80	COMP	cartilage oligomeric matrix protein [Source:HGNC Symbol;Acc:HGNC:2227]	1445	-0.4394041895866394	-0.17222297	Yes	
row_81	ADAMTS5	ADAM metallopeptidase with thrombospondin type 1 motif 5 [Source:HGNC Symbol;Acc:HGNC:221]	1448	-0.4412517547607422	-0.15680242	Yes	
row_82	ELN	elastin [Source:HGNC Symbol;Acc:HGNC:3327]	1454	-0.4497087001800537	-0.14317495	Yes	
row_83	MFAP5	microfibril associated protein 5 [Source:HGNC Symbol;Acc:HGNC:29673]	1461	-0.4588227868080139	-0.12990505	Yes	
row_84	BMP4	bone morphogenetic protein 4 [Source:HGNC Symbol;Acc:HGNC:1071]	1462	-0.4588259756565094	-0.112403706	Yes	
row_85	HTRA1	HtrA serine peptidase 1 [Source:HGNC Symbol;Acc:HGNC:9476]	1465	-0.46828731894493103	-0.09595192	Yes	
row_86	SPP1	secreted phosphoprotein 1 [Source:HGNC Symbol;Acc:HGNC:11255]	1467	-0.46908071637153625	-0.078764655	Yes	
row_87	TGFB3	transforming growth factor beta 3 [Source:HGNC Symbol;Acc:HGNC:11769]	1468	-0.47118115425109863	-0.060792048	Yes	
row_88	ITGA11	integrin subunit alpha 11 [Source:HGNC Symbol;Acc:HGNC:6136]	1472	-0.4828512966632843	-0.044489954	Yes	
row_89	MATN4	matrilin 4 [Source:HGNC Symbol;Acc:HGNC:6910]	1476	-0.49133235216140747	-0.02786436	Yes	
row_90	P4HA2	prolyl 4-hydroxylase subunit alpha 2 [Source:HGNC Symbol;Acc:HGNC:8547]	1503	-0.5998021364212036	-0.023321355	Yes	
row_91	CTSB	cathepsin B [Source:HGNC Symbol;Acc:HGNC:2527]	1508	-0.703851580619812	7.05295E-4	Yes	
