NAME	GS<br> follow link to MSigDB	GS DETAILS	SIZE	ES	NES	NOM p-val	FDR q-val	FWER p-val	RANK AT MAX	LEADING EDGE	
FOXR2_TARGET_GENES	FOXR2_TARGET_GENES	Details ...	16	0.7391338	2.7219996	0.0	0.0	0.0	399	tags=88%, list=26%, signal=118%	
RUVBL1_TARGET_GENES	RUVBL1_TARGET_GENES	Details ...	15	0.69013315	2.57775	0.0	5.22388E-4	0.001	331	tags=67%, list=22%, signal=85%	
ZZZ3_TARGET_GENES	ZZZ3_TARGET_GENES	Details ...	15	0.7125259	2.5336199	0.0	0.0015016044	0.004	429	tags=93%, list=28%, signal=129%	
MIR6736_3P	MIR6736_3P	Details ...	16	0.6539343	2.4183934	0.0	0.003402144	0.012	135	tags=50%, list=9%, signal=54%	
MIR4786_3P	MIR4786_3P	Details ...	19	0.6036008	2.3595903	0.0	0.0036261664	0.016	268	tags=58%, list=18%, signal=70%	
ZNF260_TARGET_GENES	ZNF260_TARGET_GENES	Details ...	20	0.592354	2.312148	0.0	0.004039523	0.021	374	tags=70%, list=25%, signal=92%	
ZNF711_TARGET_GENES	ZNF711_TARGET_GENES	Details ...	51	0.40574613	2.0573483	0.0	0.034041367	0.189	427	tags=55%, list=28%, signal=74%	
MIR6839_3P	MIR6839_3P	Details ...	18	0.5319273	2.0194838	0.0048076925	0.03956545	0.238	69	tags=39%, list=5%, signal=40%	
ARNT2_TARGET_GENES	ARNT2_TARGET_GENES	Details ...	29	0.46074703	1.9938215	0.005181347	0.041905124	0.281	339	tags=45%, list=22%, signal=57%	
E2F_Q4_01	E2F_Q4_01	Details ...	28	0.4139365	1.8022878	0.0049751243	0.15288489	0.732	376	tags=54%, list=25%, signal=70%	
E2F_Q6_01	E2F_Q6_01	Details ...	25	0.4251607	1.7972127	0.0048076925	0.1424039	0.746	345	tags=56%, list=23%, signal=71%	
ZNF250_TARGET_GENES	ZNF250_TARGET_GENES	Details ...	23	0.42922208	1.7291067	0.016393442	0.20737086	0.89	362	tags=57%, list=24%, signal=73%	
MIR7154_5P	MIR7154_5P	Details ...	16	0.45185202	1.6543088	0.016949153	0.31154564	0.971	26	tags=19%, list=2%, signal=19%	
E2F_03	E2F_03	Details ...	21	0.42163277	1.6519647	0.019417476	0.29379654	0.971	345	tags=57%, list=23%, signal=73%	
GTF2A2_TARGET_GENES	GTF2A2_TARGET_GENES	Details ...	74	0.29222935	1.6380677	0.009708738	0.29936597	0.976	281	tags=34%, list=19%, signal=39%	
HOXA2_TARGET_GENES	HOXA2_TARGET_GENES	Details ...	72	0.31387743	1.6322682	0.0	0.29072973	0.98	356	tags=38%, list=24%, signal=47%	
NCOA4_TARGET_GENES	NCOA4_TARGET_GENES	Details ...	54	0.30977523	1.6243836	0.008	0.28672457	0.983	321	tags=43%, list=21%, signal=52%	
MIR4496	MIR4496	Details ...	36	0.34870636	1.6048867	0.0	0.30685684	0.988	69	tags=25%, list=5%, signal=26%	
DNMT1_TARGET_GENES	DNMT1_TARGET_GENES	Details ...	15	0.4420922	1.6015431	0.033195022	0.2973169	0.991	256	tags=47%, list=17%, signal=56%	
MIR185_3P	MIR185_3P	Details ...	18	0.40374678	1.5334234	0.038961038	0.42167905	0.999	69	tags=39%, list=5%, signal=40%	
BANP_TARGET_GENES	BANP_TARGET_GENES		23	0.37789804	1.5214766	0.040201005	0.43075618	1.0	375	tags=48%, list=25%, signal=63%	
NCOA2_TARGET_GENES	NCOA2_TARGET_GENES		34	0.33869436	1.5153905	0.017964073	0.4248073	1.0	98	tags=24%, list=6%, signal=25%	
E2F_Q3	E2F_Q3		19	0.3944966	1.5130146	0.047210302	0.41220203	1.0	299	tags=47%, list=20%, signal=58%	
MYCMAX_03	MYCMAX_03		25	0.35552886	1.4970561	0.07281554	0.43346575	1.0	296	tags=44%, list=20%, signal=54%	
GTF2E2_TARGET_GENES	GTF2E2_TARGET_GENES		43	0.3129746	1.4948696	0.026666667	0.42121607	1.0	211	tags=30%, list=14%, signal=34%	
MIR6507_5P	MIR6507_5P		26	0.356248	1.4939753	0.04347826	0.4071143	1.0	125	tags=35%, list=8%, signal=37%	
HES4_TARGET_GENES	HES4_TARGET_GENES		23	0.36518842	1.492923	0.018957347	0.39472958	1.0	207	tags=30%, list=14%, signal=35%	
NKX2_2_TARGET_GENES	NKX2_2_TARGET_GENES		56	0.2940867	1.4898968	0.016666668	0.38760146	1.0	375	tags=50%, list=25%, signal=64%	
DMRT1_TARGET_GENES	DMRT1_TARGET_GENES		27	0.3407465	1.4830644	0.054455444	0.39082012	1.0	388	tags=44%, list=26%, signal=59%	
HOXA1_TARGET_GENES	HOXA1_TARGET_GENES		41	0.3042486	1.4733601	0.03821656	0.39872256	1.0	324	tags=37%, list=21%, signal=45%	
MIR4801	MIR4801		16	0.4022757	1.4715897	0.061904762	0.38968986	1.0	908	tags=100%, list=60%, signal=248%	
RFX7_TARGET_GENES	RFX7_TARGET_GENES		18	0.37881005	1.4548091	0.051643193	0.41514263	1.0	372	tags=50%, list=25%, signal=66%	
ZNF329_TARGET_GENES	ZNF329_TARGET_GENES		26	0.34382367	1.4546502	0.037209302	0.4029169	1.0	375	tags=54%, list=25%, signal=70%	
MIR4477A	MIR4477A		25	0.34479496	1.4457457	0.065	0.410902	1.0	172	tags=28%, list=11%, signal=31%	
E2F_Q3_01	E2F_Q3_01		24	0.3475677	1.4381233	0.083333336	0.41578937	1.0	376	tags=50%, list=25%, signal=66%	
E4BP4_01	E4BP4_01		20	0.3644594	1.4255393	0.09589041	0.4343157	1.0	303	tags=40%, list=20%, signal=49%	
E2F1_Q4_01	E2F1_Q4_01		23	0.3432049	1.4103336	0.045	0.46077552	1.0	376	tags=52%, list=25%, signal=68%	
NFRKB_TARGET_GENES	NFRKB_TARGET_GENES		96	0.23647237	1.4014196	0.011235955	0.4704868	1.0	393	tags=46%, list=26%, signal=58%	
E2F1_Q6	E2F1_Q6		15	0.3879598	1.3993645	0.073913045	0.4636842	1.0	929	tags=100%, list=62%, signal=257%	
MIR211_5P	MIR211_5P		26	0.31973773	1.3884778	0.061797753	0.4810458	1.0	884	tags=96%, list=59%, signal=228%	
PHF2_TARGET_GENES	PHF2_TARGET_GENES		91	0.23803274	1.3845557	0.011904762	0.47909757	1.0	375	tags=40%, list=25%, signal=49%	
TCF11MAFG_01	TCF11MAFG_01		26	0.31552765	1.3840623	0.07692308	0.469056	1.0	227	tags=35%, list=15%, signal=40%	
ZNF830_TARGET_GENES	ZNF830_TARGET_GENES		18	0.35532016	1.375082	0.1	0.48147982	1.0	310	tags=44%, list=21%, signal=55%	
PSMB5_TARGET_GENES	PSMB5_TARGET_GENES		71	0.24945389	1.3722928	0.020618556	0.47726718	1.0	315	tags=38%, list=21%, signal=46%	
FOXE1_TARGET_GENES	FOXE1_TARGET_GENES		76	0.25290793	1.3674495	0.01904762	0.47973192	1.0	366	tags=42%, list=24%, signal=53%	
CEBPGAMMA_Q6	CEBPGAMMA_Q6		26	0.3223673	1.3584234	0.10752688	0.4922599	1.0	237	tags=38%, list=16%, signal=45%	
MIR6733_3P	MIR6733_3P		15	0.38483223	1.357404	0.08196721	0.48423496	1.0	320	tags=40%, list=21%, signal=50%	
MIR204_5P	MIR204_5P		26	0.31973773	1.356301	0.10215054	0.47744894	1.0	884	tags=96%, list=59%, signal=228%	
SRPK1_TARGET_GENES	SRPK1_TARGET_GENES		15	0.38850483	1.3515096	0.09251101	0.47981754	1.0	167	tags=33%, list=11%, signal=37%	
AUTS2_TARGET_GENES	AUTS2_TARGET_GENES		30	0.30376104	1.3416985	0.08839779	0.4958661	1.0	375	tags=43%, list=25%, signal=57%	
ZFHX3_TARGET_GENES	ZFHX3_TARGET_GENES		110	0.2211882	1.3363053	0.015873017	0.5010206	1.0	355	tags=40%, list=24%, signal=48%	
SNRNP70_TARGET_GENES	SNRNP70_TARGET_GENES		76	0.23696716	1.326202	0.02247191	0.51835227	1.0	362	tags=45%, list=24%, signal=56%	
NPM1_TARGET_GENES	NPM1_TARGET_GENES		27	0.30518916	1.3212807	0.12041885	0.52154475	1.0	437	tags=59%, list=29%, signal=82%	
DYRK1A_TARGET_GENES	DYRK1A_TARGET_GENES		31	0.2974364	1.3162503	0.09950249	0.52604306	1.0	207	tags=26%, list=14%, signal=29%	
CHAF1B_TARGET_GENES	CHAF1B_TARGET_GENES		99	0.22302234	1.3072511	0.05	0.5416535	1.0	293	tags=34%, list=19%, signal=40%	
MIR4762_3P	MIR4762_3P		18	0.32255402	1.2936863	0.12135922	0.5718076	1.0	41	tags=17%, list=3%, signal=17%	
ZNF816_TARGET_GENES	ZNF816_TARGET_GENES		22	0.31096506	1.2745036	0.12227074	0.61854225	1.0	374	tags=50%, list=25%, signal=65%	
TEAD2_TARGET_GENES	TEAD2_TARGET_GENES		76	0.2380155	1.2727094	0.0875	0.6131228	1.0	364	tags=41%, list=24%, signal=51%	
MIR125B_2_3P	MIR125B_2_3P		15	0.34801808	1.2651979	0.14222223	0.62607896	1.0	236	tags=33%, list=16%, signal=39%	
MIR2113	MIR2113		15	0.3438126	1.2647301	0.16929133	0.6170707	1.0	995	tags=100%, list=66%, signal=290%	
MZF1_02	MZF1_02		15	0.34721252	1.2605762	0.15289256	0.62021095	1.0	287	tags=47%, list=19%, signal=57%	
MIR664B_3P	MIR664B_3P		30	0.27722785	1.2594124	0.115384616	0.6138875	1.0	238	tags=30%, list=16%, signal=35%	
MIR369_3P	MIR369_3P		15	0.3433304	1.258997	0.16194332	0.6056542	1.0	184	tags=20%, list=12%, signal=23%	
TTAYRTAA_E4BP4_01	TTAYRTAA_E4BP4_01		28	0.29272455	1.2586174	0.12244898	0.5973114	1.0	265	tags=36%, list=18%, signal=43%	
FEV_TARGET_GENES	FEV_TARGET_GENES		60	0.24116609	1.256838	0.07476635	0.59348804	1.0	248	tags=30%, list=16%, signal=34%	
TET1_TARGET_GENES	TET1_TARGET_GENES		39	0.26523888	1.255634	0.10714286	0.58783436	1.0	419	tags=56%, list=28%, signal=76%	
CAGCTTT_MIR320	CAGCTTT_MIR320		15	0.3454257	1.252864	0.14611872	0.5872146	1.0	796	tags=93%, list=53%, signal=195%	
SETD7_TARGET_GENES	SETD7_TARGET_GENES		74	0.22642915	1.2522659	0.06818182	0.58032626	1.0	331	tags=36%, list=22%, signal=44%	
HNF1_01	HNF1_01		24	0.3014414	1.2495323	0.16494845	0.57986903	1.0	59	tags=21%, list=4%, signal=21%	
MIR448	MIR448		15	0.34949106	1.2465924	0.16595745	0.58016175	1.0	35	tags=13%, list=2%, signal=14%	
CIITA_TARGET_GENES	CIITA_TARGET_GENES		51	0.23706685	1.2318326	0.129771	0.6165454	1.0	360	tags=43%, list=24%, signal=55%	
ELF2_TARGET_GENES	ELF2_TARGET_GENES		53	0.23085067	1.2298409	0.12096774	0.613937	1.0	375	tags=47%, list=25%, signal=61%	
PU1_Q6	PU1_Q6		25	0.28627026	1.2279938	0.155	0.61054474	1.0	177	tags=28%, list=12%, signal=31%	
ATF5_TARGET_GENES	ATF5_TARGET_GENES		23	0.29852852	1.2272342	0.18905473	0.6040551	1.0	392	tags=52%, list=26%, signal=69%	
MIR6833_3P	MIR6833_3P		27	0.28251097	1.2187124	0.1878453	0.6216429	1.0	187	tags=22%, list=12%, signal=25%	
MIR579_3P	MIR579_3P		31	0.26491952	1.2164847	0.16	0.62084097	1.0	238	tags=29%, list=16%, signal=34%	
SIX1_TARGET_GENES	SIX1_TARGET_GENES		26	0.28573555	1.2047575	0.23863636	0.6486555	1.0	246	tags=38%, list=16%, signal=45%	
MIR1323	MIR1323		15	0.33175433	1.2007095	0.2027027	0.6528978	1.0	77	tags=20%, list=5%, signal=21%	
ER_Q6_02	ER_Q6_02		21	0.31309143	1.1995282	0.21266969	0.6482185	1.0	240	tags=33%, list=16%, signal=39%	
THAP1_TARGET_GENES	THAP1_TARGET_GENES		66	0.22655028	1.1980307	0.16666667	0.6453177	1.0	310	tags=35%, list=21%, signal=42%	
SOX10_TARGET_GENES	SOX10_TARGET_GENES		16	0.33431232	1.1944084	0.19767442	0.64796776	1.0	165	tags=31%, list=11%, signal=35%	
DLX2_TARGET_GENES	DLX2_TARGET_GENES		16	0.31495544	1.1834087	0.21276596	0.67554975	1.0	269	tags=38%, list=18%, signal=45%	
SUPT20H_TARGET_GENES	SUPT20H_TARGET_GENES		39	0.24695027	1.1734896	0.21052632	0.7000295	1.0	374	tags=49%, list=25%, signal=63%	
MIR3143	MIR3143		32	0.26837322	1.1689816	0.23529412	0.70664036	1.0	172	tags=22%, list=11%, signal=24%	
MIR155_5P	MIR155_5P		18	0.31154227	1.1621997	0.25641027	0.72190535	1.0	208	tags=39%, list=14%, signal=45%	
CUX1_TARGET_GENES	CUX1_TARGET_GENES		37	0.2514089	1.1612511	0.22580644	0.71631116	1.0	250	tags=32%, list=17%, signal=38%	
MIR4760_3P	MIR4760_3P		19	0.29609364	1.1566043	0.2713568	0.7244029	1.0	244	tags=37%, list=16%, signal=43%	
MIR4441	MIR4441		19	0.29479507	1.1502324	0.25358853	0.73869276	1.0	244	tags=37%, list=16%, signal=43%	
ACCTGTTG_UNKNOWN	ACCTGTTG_UNKNOWN		16	0.3199466	1.1483605	0.25833333	0.73670584	1.0	1031	tags=100%, list=68%, signal=312%	
SNAI1_TARGET_GENES	SNAI1_TARGET_GENES		30	0.25326547	1.1446843	0.25120774	0.7416228	1.0	374	tags=50%, list=25%, signal=65%	
ELF1_Q6	ELF1_Q6		38	0.23927744	1.1267508	0.2580645	0.7981062	1.0	177	tags=21%, list=12%, signal=23%	
SETD1A_TARGET_GENES	SETD1A_TARGET_GENES		49	0.22723842	1.1266761	0.18897638	0.7896939	1.0	315	tags=37%, list=21%, signal=45%	
CIC_TARGET_GENES	CIC_TARGET_GENES		27	0.26039815	1.1249727	0.234375	0.78700244	1.0	310	tags=37%, list=21%, signal=46%	
MIR3145_3P	MIR3145_3P		23	0.2690498	1.1220796	0.25	0.7886242	1.0	110	tags=17%, list=7%, signal=18%	
MIR520F_3P	MIR520F_3P		15	0.30380663	1.1167096	0.26229507	0.79946846	1.0	274	tags=33%, list=18%, signal=40%	
MIR7515	MIR7515		15	0.29959965	1.1135106	0.2868526	0.80274004	1.0	236	tags=27%, list=16%, signal=31%	
CREBP1_01	CREBP1_01		20	0.2776816	1.113365	0.2827225	0.79501593	1.0	238	tags=30%, list=16%, signal=35%	
HOXB6_TARGET_GENES	HOXB6_TARGET_GENES		32	0.2502775	1.1124467	0.3190184	0.7899007	1.0	246	tags=28%, list=16%, signal=33%	
E2F1DP2_01	E2F1DP2_01		20	0.27986565	1.1088711	0.281106	0.7944202	1.0	1092	tags=100%, list=72%, signal=356%	
LHX2_TARGET_GENES	LHX2_TARGET_GENES		62	0.20516317	1.103709	0.24528302	0.80489206	1.0	374	tags=40%, list=25%, signal=51%	
E2F4DP2_01	E2F4DP2_01		20	0.27986565	1.1009077	0.29017857	0.8069162	1.0	1092	tags=100%, list=72%, signal=356%	
MIR548AT_5P	MIR548AT_5P		20	0.2751281	1.0993459	0.26530612	0.80443436	1.0	205	tags=25%, list=14%, signal=29%	
E2F_02	E2F_02		20	0.27986565	1.0944554	0.3265306	0.8142689	1.0	1092	tags=100%, list=72%, signal=356%	
E2F2_TARGET_GENES	E2F2_TARGET_GENES		69	0.19749644	1.09224	0.24770643	0.81456053	1.0	322	tags=33%, list=21%, signal=40%	
SMN1_SMN2_TARGET_GENES	SMN1_SMN2_TARGET_GENES		49	0.21621767	1.089241	0.2868217	0.8178282	1.0	229	tags=24%, list=15%, signal=28%	
MIR543	MIR543		21	0.27391386	1.088254	0.30805686	0.81352013	1.0	400	tags=52%, list=26%, signal=70%	
E2F1DP1_01	E2F1DP1_01		20	0.27986565	1.0738939	0.37280703	0.85824513	1.0	1092	tags=100%, list=72%, signal=356%	
OCT1_05	OCT1_05		37	0.23091348	1.0731192	0.3178808	0.8533954	1.0	82	tags=14%, list=5%, signal=14%	
MIR1468_3P	MIR1468_3P		38	0.21886374	1.0665902	0.33333334	0.86988723	1.0	286	tags=29%, list=19%, signal=35%	
MIR613	MIR613		25	0.2506041	1.0643026	0.3534884	0.86990863	1.0	139	tags=20%, list=9%, signal=22%	
MIR374B_5P	MIR374B_5P		34	0.22139563	1.0605887	0.3576159	0.8758761	1.0	168	tags=21%, list=11%, signal=23%	
OCT1_07	OCT1_07		24	0.247897	1.0561558	0.33707866	0.8851972	1.0	242	tags=25%, list=16%, signal=29%	
DLX6_TARGET_GENES	DLX6_TARGET_GENES		40	0.21946652	1.0541278	0.36641222	0.88533145	1.0	310	tags=40%, list=21%, signal=49%	
HMGB2_TARGET_GENES	HMGB2_TARGET_GENES		26	0.24777845	1.0524458	0.33152175	0.88406837	1.0	314	tags=42%, list=21%, signal=52%	
MIR4778_3P	MIR4778_3P		23	0.2517661	1.0520202	0.35096154	0.8777592	1.0	97	tags=13%, list=6%, signal=14%	
KAT5_TARGET_GENES	KAT5_TARGET_GENES		50	0.20571974	1.0518484	0.38297874	0.8707528	1.0	322	tags=38%, list=21%, signal=47%	
MIR5584_5P	MIR5584_5P		16	0.28538764	1.05178	0.33755276	0.86351806	1.0	186	tags=25%, list=12%, signal=28%	
MIR4503	MIR4503		27	0.2437582	1.0502476	0.36683416	0.8616579	1.0	228	tags=26%, list=15%, signal=30%	
CEBP_C	CEBP_C		24	0.25109455	1.0478071	0.3512195	0.86274266	1.0	238	tags=25%, list=16%, signal=29%	
MIR6515_3P	MIR6515_3P		15	0.2931615	1.0451807	0.392	0.8645746	1.0	26	tags=13%, list=2%, signal=13%	
MIR205_3P	MIR205_3P		28	0.23939364	1.0437154	0.3592233	0.8625196	1.0	66	tags=14%, list=4%, signal=15%	
OVOL3_TARGET_GENES	OVOL3_TARGET_GENES		19	0.2642298	1.0432768	0.3705357	0.85705954	1.0	292	tags=32%, list=19%, signal=39%	
RAG1_TARGET_GENES	RAG1_TARGET_GENES		67	0.18941197	1.0340079	0.38297874	0.88290167	1.0	329	tags=31%, list=22%, signal=38%	
BARHL1_TARGET_GENES	BARHL1_TARGET_GENES		38	0.21836782	1.0278411	0.43786982	0.8983125	1.0	331	tags=34%, list=22%, signal=43%	
MIR6832_3P	MIR6832_3P		19	0.26046675	1.0274175	0.36820084	0.89260876	1.0	920	tags=95%, list=61%, signal=239%	
BACH2_TARGET_GENES	BACH2_TARGET_GENES		139	0.16319668	1.025685	0.45614034	0.89161175	1.0	292	tags=27%, list=19%, signal=31%	
E2F1_Q6_01	E2F1_Q6_01		18	0.27103084	1.0217167	0.39810428	0.8988537	1.0	929	tags=94%, list=62%, signal=243%	
HNF4_01_B	HNF4_01_B		22	0.2501598	1.0203127	0.44444445	0.896469	1.0	240	tags=27%, list=16%, signal=32%	
TTTNNANAGCYR_UNKNOWN	TTTNNANAGCYR_UNKNOWN		19	0.26616308	1.0185475	0.40969163	0.89589316	1.0	115	tags=21%, list=8%, signal=23%	
BARX2_TARGET_GENES	BARX2_TARGET_GENES		73	0.18602778	1.0091494	0.4117647	0.92255557	1.0	392	tags=44%, list=26%, signal=56%	
MIR374A_5P	MIR374A_5P		41	0.20295332	1.0091281	0.4379085	0.91559345	1.0	168	tags=20%, list=11%, signal=21%	
CEBP_Q2	CEBP_Q2		39	0.21226354	1.0061519	0.4064516	0.9193219	1.0	48	tags=13%, list=3%, signal=13%	
BARX1_TARGET_GENES	BARX1_TARGET_GENES		60	0.18761097	0.98631275	0.52	0.9843945	1.0	324	tags=33%, list=21%, signal=41%	
CEBP_Q2_01	CEBP_Q2_01		44	0.20536786	0.9860562	0.45806453	0.9779506	1.0	240	tags=27%, list=16%, signal=31%	
GLI4_TARGET_GENES	GLI4_TARGET_GENES		35	0.21531394	0.98071706	0.4695122	0.9905909	1.0	296	tags=34%, list=20%, signal=42%	
KAT2A_TARGET_GENES	KAT2A_TARGET_GENES		62	0.18026674	0.9804247	0.5416667	0.98434967	1.0	281	tags=26%, list=19%, signal=30%	
ADA2_TARGET_GENES	ADA2_TARGET_GENES		51	0.18996142	0.97164094	0.5103448	1.0	1.0	374	tags=43%, list=25%, signal=55%	
PPAR_DR1_Q2	PPAR_DR1_Q2		15	0.26317772	0.9704467	0.4611872	1.0	1.0	304	tags=40%, list=20%, signal=50%	
MIR545_5P	MIR545_5P		16	0.2651056	0.9703305	0.47033897	0.99884135	1.0	125	tags=25%, list=8%, signal=27%	
SATB1_TARGET_GENES	SATB1_TARGET_GENES		75	0.174443	0.9662273	0.559633	1.0	1.0	154	tags=16%, list=10%, signal=17%	
MIR6875_3P	MIR6875_3P		32	0.21289311	0.96523786	0.5398773	1.0	1.0	172	tags=19%, list=11%, signal=21%	
MYCMAX_B	MYCMAX_B		30	0.2202128	0.957047	0.5263158	1.0	1.0	318	tags=37%, list=21%, signal=46%	
SF1_Q6	SF1_Q6		17	0.25573286	0.9490423	0.48523206	1.0	1.0	212	tags=29%, list=14%, signal=34%	
MYCMAX_01	MYCMAX_01		21	0.22483289	0.9476043	0.5598086	1.0	1.0	290	tags=33%, list=19%, signal=41%	
E2F1_Q3	E2F1_Q3		15	0.26082307	0.93780565	0.515748	1.0	1.0	345	tags=40%, list=23%, signal=51%	
MIR6071	MIR6071		18	0.24865961	0.93752384	0.5412844	1.0	1.0	1138	tags=100%, list=75%, signal=401%	
MIR4735_5P	MIR4735_5P		20	0.24377005	0.9361923	0.52791876	1.0	1.0	912	tags=95%, list=60%, signal=237%	
ID2_TARGET_GENES	ID2_TARGET_GENES		38	0.2012205	0.93459076	0.58598727	1.0	1.0	112	tags=13%, list=7%, signal=14%	
NF1_Q6	NF1_Q6		35	0.20247826	0.93060654	0.53846157	1.0	1.0	225	tags=26%, list=15%, signal=30%	
MZF1_TARGET_GENES	MZF1_TARGET_GENES		73	0.17078237	0.930411	0.6526316	1.0	1.0	292	tags=26%, list=19%, signal=31%	
MIR206	MIR206		27	0.21421054	0.92967385	0.57425743	1.0	1.0	139	tags=19%, list=9%, signal=20%	
ISL1_TARGET_GENES	ISL1_TARGET_GENES		56	0.18110597	0.9293556	0.6363636	1.0	1.0	168	tags=18%, list=11%, signal=19%	
BCL6B_TARGET_GENES	BCL6B_TARGET_GENES		15	0.26287642	0.9284867	0.5409836	1.0	1.0	1116	tags=100%, list=74%, signal=379%	
MIR3688_3P	MIR3688_3P		30	0.2036629	0.92260605	0.59411764	1.0	1.0	272	tags=27%, list=18%, signal=32%	
MIR200A_3P	MIR200A_3P		31	0.20387842	0.91909003	0.6137566	1.0	1.0	59	tags=13%, list=4%, signal=13%	
MIR1_3P	MIR1_3P		27	0.21421054	0.9190574	0.6037736	1.0	1.0	139	tags=19%, list=9%, signal=20%	
MIR7159_5P	MIR7159_5P		19	0.2291721	0.9154079	0.56837606	1.0	1.0	990	tags=95%, list=66%, signal=272%	
MIR3662	MIR3662		63	0.17362419	0.90789664	0.75438595	1.0	1.0	88	tags=13%, list=6%, signal=13%	
SPZ1_01	SPZ1_01		36	0.18639082	0.9056494	0.6025641	1.0	1.0	251	tags=31%, list=17%, signal=36%	
KLF7_TARGET_GENES	KLF7_TARGET_GENES		57	0.17642117	0.90432835	0.6967213	1.0	1.0	374	tags=39%, list=25%, signal=49%	
OCT1_Q6	OCT1_Q6		39	0.18947868	0.90080816	0.59638554	1.0	1.0	101	tags=13%, list=7%, signal=13%	
SUMO1_TARGET_GENES	SUMO1_TARGET_GENES		37	0.19634527	0.9000151	0.66225165	1.0	1.0	310	tags=38%, list=21%, signal=46%	
MIR548AE_3P_MIR548AQ_3P	MIR548AE_3P_MIR548AQ_3P		43	0.17767365	0.8939045	0.6618705	1.0	1.0	148	tags=14%, list=10%, signal=15%	
ZNF581_TARGET_GENES	ZNF581_TARGET_GENES		17	0.23870759	0.8937137	0.6053812	1.0	1.0	372	tags=47%, list=25%, signal=62%	
TAXCREB_01	TAXCREB_01		18	0.23662375	0.8899326	0.6283186	1.0	1.0	240	tags=33%, list=16%, signal=39%	
SNIP1_TARGET_GENES	SNIP1_TARGET_GENES		51	0.17248803	0.88651353	0.6639344	1.0	1.0	313	tags=31%, list=21%, signal=38%	
MIR548AH_3P_MIR548AM_3P	MIR548AH_3P_MIR548AM_3P		43	0.17767365	0.8710994	0.68939394	1.0	1.0	148	tags=14%, list=10%, signal=15%	
ARNT_01	ARNT_01		19	0.22583178	0.8662838	0.67241377	1.0	1.0	296	tags=37%, list=20%, signal=45%	
MIR22_5P	MIR22_5P		15	0.23779869	0.8659966	0.6447368	1.0	1.0	763	tags=93%, list=51%, signal=187%	
MIR302A_5P	MIR302A_5P		18	0.22524692	0.8640783	0.6061947	1.0	1.0	125	tags=17%, list=8%, signal=18%	
MIR5003_5P	MIR5003_5P		22	0.21588857	0.8635046	0.67346936	1.0	1.0	1007	tags=95%, list=67%, signal=282%	
YTAATTAA_LHX3_01	YTAATTAA_LHX3_01		18	0.22641738	0.86257386	0.6113744	1.0	1.0	303	tags=33%, list=20%, signal=41%	
MIR3175	MIR3175		17	0.23308782	0.8576494	0.6888889	1.0	1.0	1161	tags=100%, list=77%, signal=428%	
WHN_B	WHN_B		25	0.20545894	0.8557368	0.7015707	1.0	1.0	211	tags=24%, list=14%, signal=27%	
MIR548J_3P	MIR548J_3P		43	0.17767365	0.8554814	0.7434211	1.0	1.0	148	tags=14%, list=10%, signal=15%	
MEF2C_TARGET_GENES	MEF2C_TARGET_GENES		67	0.1547588	0.8553595	0.7692308	1.0	1.0	268	tags=25%, list=18%, signal=29%	
HMBOX1_TARGET_GENES	HMBOX1_TARGET_GENES		74	0.15353855	0.84779537	0.7878788	1.0	1.0	365	tags=32%, list=24%, signal=41%	
MIR513B_5P	MIR513B_5P		26	0.20013179	0.8474399	0.71291864	1.0	1.0	792	tags=88%, list=52%, signal=183%	
MIR1250_3P	MIR1250_3P		33	0.18049704	0.8403223	0.7413793	1.0	1.0	208	tags=24%, list=14%, signal=28%	
MIR589_3P	MIR589_3P		15	0.22341055	0.838943	0.67659575	1.0	1.0	83	tags=13%, list=5%, signal=14%	
ZIC1_01	ZIC1_01		21	0.21899848	0.8388616	0.70149255	1.0	1.0	296	tags=38%, list=20%, signal=47%	
NMYC_01	NMYC_01		24	0.20255728	0.8326005	0.7731481	1.0	1.0	1208	tags=100%, list=80%, signal=492%	
ZNF660_TARGET_GENES	ZNF660_TARGET_GENES		42	0.16902614	0.83063835	0.8176101	1.0	1.0	384	tags=40%, list=25%, signal=53%	
TBX3_TARGET_GENES	TBX3_TARGET_GENES		23	0.19898428	0.82826155	0.72906405	1.0	1.0	78	tags=13%, list=5%, signal=14%	
EGR_Q6	EGR_Q6		19	0.2122336	0.82694614	0.7368421	1.0	1.0	815	tags=89%, list=54%, signal=192%	
MIR568	MIR568		17	0.22399965	0.82687116	0.75213677	1.0	1.0	155	tags=24%, list=10%, signal=26%	
MIR766_5P	MIR766_5P		19	0.20920041	0.820849	0.7453704	1.0	1.0	133	tags=21%, list=9%, signal=23%	
GACTGTT_MIR212_MIR132	GACTGTT_MIR212_MIR132		19	0.21300168	0.8207961	0.7423581	1.0	1.0	320	tags=37%, list=21%, signal=46%	
AHRR_TARGET_GENES	AHRR_TARGET_GENES		69	0.14890687	0.80997	0.9207921	1.0	1.0	374	tags=38%, list=25%, signal=48%	
GGGNNTTTCC_NFKB_Q6_01	GGGNNTTTCC_NFKB_Q6_01		24	0.20122197	0.8070268	0.75252527	1.0	1.0	297	tags=42%, list=20%, signal=51%	
STAT5A_02	STAT5A_02		17	0.21613972	0.8049291	0.78504676	1.0	1.0	291	tags=35%, list=19%, signal=43%	
MIR1284	MIR1284		18	0.21033168	0.8012829	0.74208146	1.0	1.0	116	tags=17%, list=8%, signal=18%	
MIR8061	MIR8061		18	0.21035548	0.7984684	0.75446427	1.0	1.0	136	tags=17%, list=9%, signal=18%	
BRN2_01	BRN2_01		25	0.1924937	0.7951624	0.82323235	1.0	1.0	79	tags=16%, list=5%, signal=17%	
CHOP_01	CHOP_01		33	0.18045048	0.7946259	0.821192	1.0	1.0	160	tags=18%, list=11%, signal=20%	
MIR4310	MIR4310		16	0.21569808	0.79230505	0.79268295	1.0	1.0	66	tags=13%, list=4%, signal=13%	
MIR4719	MIR4719		29	0.17736186	0.78838146	0.82681566	1.0	1.0	1137	tags=97%, list=75%, signal=383%	
MIR1305	MIR1305		33	0.16788295	0.786683	0.7743902	1.0	1.0	245	tags=21%, list=16%, signal=25%	
CATTTCA_MIR203	CATTTCA_MIR203		24	0.19309239	0.7854727	0.8196721	1.0	1.0	238	tags=21%, list=16%, signal=24%	
OCT_C	OCT_C		34	0.17388423	0.78444916	0.85714287	1.0	1.0	39	tags=9%, list=3%, signal=9%	
MIR939_5P	MIR939_5P		16	0.21713223	0.7820574	0.7854251	1.0	1.0	288	tags=38%, list=19%, signal=46%	
MIR3609	MIR3609		29	0.17632484	0.7817236	0.8333333	1.0	1.0	194	tags=17%, list=13%, signal=19%	
HDGF_TARGET_GENES	HDGF_TARGET_GENES		24	0.1917624	0.77931756	0.8316327	1.0	1.0	156	tags=17%, list=10%, signal=18%	
OCT1_Q5_01	OCT1_Q5_01		34	0.17320591	0.7768691	0.8197674	1.0	1.0	101	tags=12%, list=7%, signal=12%	
MIR1343_5P	MIR1343_5P		16	0.21713223	0.77655816	0.7744361	1.0	1.0	288	tags=38%, list=19%, signal=46%	
ZIM3_TARGET_GENES	ZIM3_TARGET_GENES		64	0.14255442	0.7737876	0.9230769	1.0	1.0	168	tags=14%, list=11%, signal=15%	
MIR548AH_5P	MIR548AH_5P		29	0.17632484	0.7729421	0.84393066	1.0	1.0	194	tags=17%, list=13%, signal=19%	
MIR6844	MIR6844		28	0.17624742	0.77279943	0.81666666	1.0	1.0	150	tags=14%, list=10%, signal=16%	
DLX4_TARGET_GENES	DLX4_TARGET_GENES		38	0.16170484	0.76883197	0.8924051	1.0	1.0	207	tags=16%, list=14%, signal=18%	
TTGCCAA_MIR182	TTGCCAA_MIR182		21	0.19185032	0.76697	0.8333333	1.0	1.0	340	tags=33%, list=23%, signal=42%	
MIR587	MIR587		28	0.16707812	0.76216394	0.9037433	1.0	1.0	143	tags=14%, list=9%, signal=15%	
ZBTB44_TARGET_GENES	ZBTB44_TARGET_GENES		19	0.19674951	0.7600806	0.8333333	1.0	1.0	856	tags=89%, list=57%, signal=204%	
ZNF10_TARGET_GENES	ZNF10_TARGET_GENES		44	0.14924225	0.75966305	0.9354839	1.0	1.0	289	tags=30%, list=19%, signal=35%	
AAAYRNCTG_UNKNOWN	AAAYRNCTG_UNKNOWN		29	0.17677407	0.75709534	0.8397436	1.0	1.0	45	tags=10%, list=3%, signal=10%	
HOXC6_TARGET_GENES	HOXC6_TARGET_GENES		52	0.15065035	0.75568765	0.925	1.0	1.0	293	tags=27%, list=19%, signal=32%	
SOX3_TARGET_GENES	SOX3_TARGET_GENES		28	0.17010513	0.7536244	0.8707865	1.0	1.0	296	tags=29%, list=20%, signal=35%	
MIR33A_3P	MIR33A_3P		40	0.1617941	0.7536206	0.8604651	1.0	1.0	340	tags=33%, list=23%, signal=41%	
MORC2_TARGET_GENES	MORC2_TARGET_GENES		93	0.1291893	0.75234735	0.94623655	1.0	1.0	308	tags=24%, list=20%, signal=28%	
MIR4643	MIR4643		19	0.18511069	0.7510192	0.88284516	1.0	1.0	1233	tags=100%, list=82%, signal=538%	
OCT1_01	OCT1_01		38	0.15889809	0.7490942	0.9030303	1.0	1.0	168	tags=16%, list=11%, signal=17%	
CTTGTAT_MIR381	CTTGTAT_MIR381		16	0.2072123	0.7452766	0.8277311	1.0	1.0	10	tags=6%, list=1%, signal=6%	
OCT1_B	OCT1_B		35	0.1579638	0.7436936	0.9444444	1.0	1.0	39	tags=9%, list=3%, signal=9%	
ZNF618_TARGET_GENES	ZNF618_TARGET_GENES		61	0.13904963	0.7416099	0.93636364	1.0	1.0	154	tags=13%, list=10%, signal=14%	
MIR539_5P	MIR539_5P		24	0.18113932	0.7304467	0.87700534	1.0	1.0	120	tags=13%, list=8%, signal=13%	
CDPCR3HD_01	CDPCR3HD_01		23	0.17552112	0.7301	0.880597	1.0	1.0	1248	tags=100%, list=83%, signal=568%	
RCGCANGCGY_NRF1_Q6	RCGCANGCGY_NRF1_Q6		38	0.15682334	0.7265015	0.9044586	1.0	1.0	328	tags=32%, list=22%, signal=39%	
GATA4_Q3	GATA4_Q3		28	0.1683368	0.7244023	0.9076923	1.0	1.0	205	tags=21%, list=14%, signal=24%	
MIR1252_5P	MIR1252_5P		17	0.18828215	0.7241755	0.8787879	1.0	1.0	113	tags=12%, list=7%, signal=13%	
USF_Q6_01	USF_Q6_01		25	0.1783757	0.7198928	0.8520408	1.0	1.0	290	tags=32%, list=19%, signal=39%	
USF_C	USF_C		25	0.16613449	0.7152797	0.91346157	1.0	1.0	290	tags=32%, list=19%, signal=39%	
MIR6129	MIR6129		15	0.19883883	0.71398896	0.8684211	1.0	1.0	265	tags=27%, list=18%, signal=32%	
EVI1_04	EVI1_04		25	0.1672104	0.71299464	0.8969072	1.0	1.0	205	tags=20%, list=14%, signal=23%	
MIR6133	MIR6133		15	0.19883883	0.70773584	0.8871595	1.0	1.0	265	tags=27%, list=18%, signal=32%	
TEL2_Q6	TEL2_Q6		18	0.17982285	0.7068795	0.9201878	1.0	1.0	172	tags=22%, list=11%, signal=25%	
MIR6130	MIR6130		15	0.19883883	0.70354736	0.8976378	1.0	1.0	265	tags=27%, list=18%, signal=32%	
OCT1_04	OCT1_04		32	0.16090485	0.70093846	0.8914286	1.0	1.0	82	tags=13%, list=5%, signal=13%	
ALKBH3_TARGET_GENES	ALKBH3_TARGET_GENES		16	0.19263873	0.6905738	0.87659574	1.0	1.0	374	tags=44%, list=25%, signal=58%	
MIR1827	MIR1827		24	0.16111128	0.6874082	0.92890996	1.0	1.0	62	tags=8%, list=4%, signal=9%	
E2F1_Q4	E2F1_Q4		19	0.17557566	0.6840664	0.90625	1.0	1.0	345	tags=42%, list=23%, signal=54%	
MIR4510	MIR4510		16	0.18174465	0.6752108	0.9191489	1.0	1.0	190	tags=19%, list=13%, signal=21%	
TATTATA_MIR374	TATTATA_MIR374		26	0.16028182	0.67519504	0.96	1.0	1.0	168	tags=15%, list=11%, signal=17%	
MIR4768_5P	MIR4768_5P		20	0.16889274	0.6747157	0.93360996	1.0	1.0	82	tags=10%, list=5%, signal=10%	
ZNF33A_TARGET_GENES	ZNF33A_TARGET_GENES		21	0.16938272	0.6632407	0.94520545	1.0	1.0	154	tags=14%, list=10%, signal=16%	
MIR4744	MIR4744		15	0.18326138	0.6619989	0.9437751	1.0	1.0	70	tags=13%, list=5%, signal=14%	
USF_01	USF_01		24	0.152268	0.6546639	0.9466019	1.0	1.0	296	tags=33%, list=20%, signal=41%	
NKX61_01	NKX61_01		25	0.15464172	0.65251553	0.9661836	1.0	1.0	203	tags=20%, list=13%, signal=23%	
MIR5579_3P	MIR5579_3P		15	0.18080527	0.6515383	0.95	1.0	1.0	110	tags=13%, list=7%, signal=14%	
FOXJ2_01	FOXJ2_01		17	0.1764023	0.6458825	0.91549295	1.0	1.0	340	tags=35%, list=23%, signal=45%	
CACBINDINGPROTEIN_Q6	CACBINDINGPROTEIN_Q6		19	0.1653826	0.6458483	0.9653465	1.0	1.0	946	tags=89%, list=63%, signal=237%	
EWSR1_TARGET_GENES	EWSR1_TARGET_GENES		51	0.12220772	0.64044577	0.984	1.0	1.0	398	tags=37%, list=26%, signal=49%	
SMTTTTGT_UNKNOWN	SMTTTTGT_UNKNOWN		53	0.121835224	0.6400742	0.9927536	1.0	1.0	981	tags=89%, list=65%, signal=244%	
MIR664A_3P	MIR664A_3P		23	0.15877908	0.63675535	0.96410257	1.0	1.0	150	tags=17%, list=10%, signal=19%	
E2F4DP1_01	E2F4DP1_01		19	0.1645279	0.6361674	0.94827586	1.0	1.0	290	tags=32%, list=19%, signal=39%	
NKX22_01	NKX22_01		18	0.16589458	0.6317537	0.94693875	1.0	1.0	160	tags=17%, list=11%, signal=18%	
LEF1_Q6	LEF1_Q6		29	0.14092113	0.6301541	0.9878049	1.0	1.0	240	tags=17%, list=16%, signal=20%	
PRDM4_TARGET_GENES	PRDM4_TARGET_GENES		30	0.14013496	0.62677246	0.97109824	1.0	1.0	182	tags=20%, list=12%, signal=22%	
MIR5691_MIR6805_3P	MIR5691_MIR6805_3P		17	0.16476893	0.62200856	0.9684685	1.0	1.0	1263	tags=100%, list=84%, signal=604%	
CTATGCA_MIR153	CTATGCA_MIR153		16	0.16737041	0.6146162	0.9695817	1.0	1.0	196	tags=19%, list=13%, signal=21%	
TP73_TARGET_GENES	TP73_TARGET_GENES		45	0.12708655	0.6105713	1.0	1.0	1.0	270	tags=22%, list=18%, signal=26%	
ZBTB7B_TARGET_GENES	ZBTB7B_TARGET_GENES		76	0.109558694	0.6104533	1.0	1.0	1.0	315	tags=24%, list=21%, signal=28%	
MIR3924	MIR3924		24	0.1517303	0.61016536	0.96391755	1.0	1.0	325	tags=29%, list=22%, signal=37%	
E2F1DP1RB_01	E2F1DP1RB_01		19	0.1540711	0.60371155	0.97512436	1.0	1.0	1092	tags=95%, list=72%, signal=338%	
MAX_01	MAX_01		20	0.15350664	0.6027189	0.98086125	1.0	1.0	296	tags=30%, list=20%, signal=37%	
MIR3125	MIR3125		16	0.16272566	0.6021085	0.97590363	1.0	1.0	125	tags=13%, list=8%, signal=13%	
NR1I2_TARGET_GENES	NR1I2_TARGET_GENES		19	0.15577805	0.5945667	0.9756098	1.0	1.0	322	tags=32%, list=21%, signal=40%	
MIR8063	MIR8063		27	0.13602269	0.59438753	0.972973	1.0	1.0	222	tags=19%, list=15%, signal=21%	
OCT_Q6	OCT_Q6		30	0.12987968	0.58919436	0.9879518	1.0	1.0	101	tags=10%, list=7%, signal=11%	
HBZ_TARGET_GENES	HBZ_TARGET_GENES		55	0.1136376	0.57594174	1.0	1.0	1.0	290	tags=24%, list=19%, signal=28%	
HSF_Q6	HSF_Q6		28	0.13207482	0.57461923	0.98445594	1.0	1.0	205	tags=18%, list=14%, signal=20%	
DIDO1_TARGET_GENES	DIDO1_TARGET_GENES		43	0.11929109	0.57035637	1.0	1.0	1.0	1334	tags=100%, list=88%, signal=834%	
YTAAYNGCT_UNKNOWN	YTAAYNGCT_UNKNOWN		20	0.14295293	0.5656497	0.98994976	1.0	1.0	1296	tags=100%, list=86%, signal=696%	
CTCAGGG_MIR125B_MIR125A	CTCAGGG_MIR125B_MIR125A		16	0.15334962	0.55617934	1.0	1.0	1.0	205	tags=25%, list=14%, signal=29%	
ATF3_Q6	ATF3_Q6		40	0.11290517	0.5460309	1.0	1.0	1.0	236	tags=18%, list=16%, signal=20%	
ZNF213_TARGET_GENES	ZNF213_TARGET_GENES		24	0.12941171	0.5399648	0.9951923	1.0	1.0	202	tags=17%, list=13%, signal=19%	
TGCGCANK_UNKNOWN	TGCGCANK_UNKNOWN		31	0.124625295	0.53610736	1.0	1.0	1.0	211	tags=16%, list=14%, signal=18%	
CDX2_Q5	CDX2_Q5		35	0.117827654	0.5329188	1.0	1.0	1.0	324	tags=29%, list=21%, signal=36%	
MIR203A_3P	MIR203A_3P		29	0.12212285	0.5212417	1.0	1.0	1.0	182	tags=17%, list=12%, signal=19%	
MIR4276	MIR4276		16	0.14403346	0.5124701	0.99230766	1.0	1.0	863	tags=88%, list=57%, signal=202%	
RAAGNYNNCTTY_UNKNOWN	RAAGNYNNCTTY_UNKNOWN		18	0.12671861	0.48710492	0.9953704	1.0	1.0	211	tags=17%, list=14%, signal=19%	
MIR578	MIR578		15	0.12883191	0.4652167	1.0	0.9992765	1.0	1007	tags=93%, list=67%, signal=277%	
