NAME	ORIGINAL SIZE	AFTER RESTRICTING TO DATASET	STATUS	
KEGG_N_GLYCAN_BIOSYNTHESIS	46		Rejected!	
KEGG_OTHER_GLYCAN_DEGRADATION	16		Rejected!	
KEGG_O_GLYCAN_BIOSYNTHESIS	30		Rejected!	
KEGG_GLYCOSAMINOGLYCAN_DEGRADATION	21		Rejected!	
KEGG_GLYCOSAMINOGLYCAN_BIOSYNTHESIS_KERATAN_SULFATE	15		Rejected!	
KEGG_GLYCEROLIPID_METABOLISM	49		Rejected!	
KEGG_GLYCOSYLPHOSPHATIDYLINOSITOL_GPI_ANCHOR_BIOSYNTHESIS	25		Rejected!	
KEGG_GLYCEROPHOSPHOLIPID_METABOLISM	77		Rejected!	
KEGG_ETHER_LIPID_METABOLISM	33		Rejected!	
KEGG_ARACHIDONIC_ACID_METABOLISM	58		Rejected!	
KEGG_LINOLEIC_ACID_METABOLISM	29		Rejected!	
KEGG_ALPHA_LINOLENIC_ACID_METABOLISM	19		Rejected!	
KEGG_SPHINGOLIPID_METABOLISM	39		Rejected!	
KEGG_GLYCOSPHINGOLIPID_BIOSYNTHESIS_LACTO_AND_NEOLACTO_SERIES	26		Rejected!	
KEGG_GLYCOSPHINGOLIPID_BIOSYNTHESIS_GLOBO_SERIES	14		Rejected!	
KEGG_GLYCOSPHINGOLIPID_BIOSYNTHESIS_GANGLIO_SERIES	15		Rejected!	
KEGG_RIBOFLAVIN_METABOLISM	16		Rejected!	
KEGG_NICOTINATE_AND_NICOTINAMIDE_METABOLISM	24		Rejected!	
KEGG_PANTOTHENATE_AND_COA_BIOSYNTHESIS	16		Rejected!	
KEGG_AMINOACYL_TRNA_BIOSYNTHESIS	41		Rejected!	
KEGG_BASAL_TRANSCRIPTION_FACTORS	35		Rejected!	
KEGG_NON_HOMOLOGOUS_END_JOINING	13		Rejected!	
KEGG_SNARE_INTERACTIONS_IN_VESICULAR_TRANSPORT	38		Rejected!	
KEGG_LYSOSOME	121		Rejected!	
KEGG_CARDIAC_MUSCLE_CONTRACTION	79		Rejected!	
KEGG_RENIN_ANGIOTENSIN_SYSTEM	17		Rejected!	
KEGG_CIRCADIAN_RHYTHM_MAMMAL	13		Rejected!	
KEGG_TASTE_TRANSDUCTION	52		Rejected!	
KEGG_PROXIMAL_TUBULE_BICARBONATE_RECLAMATION	23		Rejected!	
KEGG_PATHOGENIC_ESCHERICHIA_COLI_INFECTION	56		Rejected!	
KEGG_SYSTEMIC_LUPUS_ERYTHEMATOSUS	139	21		
KEGG_PRIMARY_IMMUNODEFICIENCY	35		Rejected!	
KEGG_HYPERTROPHIC_CARDIOMYOPATHY_HCM	83		Rejected!	
KEGG_ARRHYTHMOGENIC_RIGHT_VENTRICULAR_CARDIOMYOPATHY_ARVC	74		Rejected!	
KEGG_DILATED_CARDIOMYOPATHY	90		Rejected!	
KEGG_GLYCOLYSIS_GLUCONEOGENESIS	62		Rejected!	
KEGG_CITRATE_CYCLE_TCA_CYCLE	31		Rejected!	
KEGG_PENTOSE_PHOSPHATE_PATHWAY	27		Rejected!	
KEGG_PENTOSE_AND_GLUCURONATE_INTERCONVERSIONS	28		Rejected!	
KEGG_FRUCTOSE_AND_MANNOSE_METABOLISM	34		Rejected!	
KEGG_GALACTOSE_METABOLISM	26		Rejected!	
KEGG_ASCORBATE_AND_ALDARATE_METABOLISM	25		Rejected!	
KEGG_FATTY_ACID_METABOLISM	42		Rejected!	
KEGG_STEROID_BIOSYNTHESIS	17		Rejected!	
KEGG_PRIMARY_BILE_ACID_BIOSYNTHESIS	16		Rejected!	
KEGG_STEROID_HORMONE_BIOSYNTHESIS	55		Rejected!	
KEGG_OXIDATIVE_PHOSPHORYLATION	132		Rejected!	
KEGG_PURINE_METABOLISM	159		Rejected!	
KEGG_PYRIMIDINE_METABOLISM	98		Rejected!	
KEGG_ALANINE_ASPARTATE_AND_GLUTAMATE_METABOLISM	32		Rejected!	
KEGG_GLYCINE_SERINE_AND_THREONINE_METABOLISM	31		Rejected!	
KEGG_CYSTEINE_AND_METHIONINE_METABOLISM	34		Rejected!	
KEGG_VALINE_LEUCINE_AND_ISOLEUCINE_DEGRADATION	44		Rejected!	
KEGG_VALINE_LEUCINE_AND_ISOLEUCINE_BIOSYNTHESIS	11		Rejected!	
KEGG_LYSINE_DEGRADATION	44		Rejected!	
KEGG_ARGININE_AND_PROLINE_METABOLISM	54		Rejected!	
KEGG_HISTIDINE_METABOLISM	29		Rejected!	
KEGG_TYROSINE_METABOLISM	42		Rejected!	
KEGG_PHENYLALANINE_METABOLISM	18		Rejected!	
KEGG_TRYPTOPHAN_METABOLISM	40		Rejected!	
KEGG_BETA_ALANINE_METABOLISM	22		Rejected!	
KEGG_TAURINE_AND_HYPOTAURINE_METABOLISM	10		Rejected!	
KEGG_SELENOAMINO_ACID_METABOLISM	26		Rejected!	
KEGG_GLUTATHIONE_METABOLISM	50		Rejected!	
KEGG_STARCH_AND_SUCROSE_METABOLISM	52		Rejected!	
KEGG_AMINO_SUGAR_AND_NUCLEOTIDE_SUGAR_METABOLISM	44		Rejected!	
KEGG_GLYCOSAMINOGLYCAN_BIOSYNTHESIS_CHONDROITIN_SULFATE	22		Rejected!	
KEGG_GLYCOSAMINOGLYCAN_BIOSYNTHESIS_HEPARAN_SULFATE	26		Rejected!	
KEGG_INOSITOL_PHOSPHATE_METABOLISM	54		Rejected!	
KEGG_PYRUVATE_METABOLISM	40		Rejected!	
KEGG_GLYOXYLATE_AND_DICARBOXYLATE_METABOLISM	16		Rejected!	
KEGG_PROPANOATE_METABOLISM	33		Rejected!	
KEGG_BUTANOATE_METABOLISM	34		Rejected!	
KEGG_ONE_CARBON_POOL_BY_FOLATE	17		Rejected!	
KEGG_FOLATE_BIOSYNTHESIS	11		Rejected!	
KEGG_RETINOL_METABOLISM	64		Rejected!	
KEGG_PORPHYRIN_AND_CHLOROPHYLL_METABOLISM	41		Rejected!	
KEGG_TERPENOID_BACKBONE_BIOSYNTHESIS	15		Rejected!	
KEGG_LIMONENE_AND_PINENE_DEGRADATION	10		Rejected!	
KEGG_NITROGEN_METABOLISM	23		Rejected!	
KEGG_SULFUR_METABOLISM	13		Rejected!	
KEGG_METABOLISM_OF_XENOBIOTICS_BY_CYTOCHROME_P450	70	18		
KEGG_DRUG_METABOLISM_CYTOCHROME_P450	72	17		
KEGG_DRUG_METABOLISM_OTHER_ENZYMES	51		Rejected!	
KEGG_BIOSYNTHESIS_OF_UNSATURATED_FATTY_ACIDS	22		Rejected!	
KEGG_ABC_TRANSPORTERS	44		Rejected!	
KEGG_RIBOSOME	88	38		
KEGG_RNA_DEGRADATION	59		Rejected!	
KEGG_RNA_POLYMERASE	29		Rejected!	
KEGG_DNA_REPLICATION	36		Rejected!	
KEGG_SPLICEOSOME	127		Rejected!	
KEGG_PROTEASOME	46		Rejected!	
KEGG_PROTEIN_EXPORT	24		Rejected!	
KEGG_PPAR_SIGNALING_PATHWAY	69		Rejected!	
KEGG_BASE_EXCISION_REPAIR	35		Rejected!	
KEGG_NUCLEOTIDE_EXCISION_REPAIR	44		Rejected!	
KEGG_MISMATCH_REPAIR	23		Rejected!	
KEGG_HOMOLOGOUS_RECOMBINATION	28		Rejected!	
KEGG_MAPK_SIGNALING_PATHWAY	267	31		
KEGG_ERBB_SIGNALING_PATHWAY	87		Rejected!	
KEGG_CALCIUM_SIGNALING_PATHWAY	178	15		
KEGG_CYTOKINE_CYTOKINE_RECEPTOR_INTERACTION	265	44		
KEGG_CHEMOKINE_SIGNALING_PATHWAY	189	33		
KEGG_PHOSPHATIDYLINOSITOL_SIGNALING_SYSTEM	76		Rejected!	
KEGG_NEUROACTIVE_LIGAND_RECEPTOR_INTERACTION	272	21		
KEGG_CELL_CYCLE	125		Rejected!	
KEGG_OOCYTE_MEIOSIS	113		Rejected!	
KEGG_P53_SIGNALING_PATHWAY	68	16		
KEGG_UBIQUITIN_MEDIATED_PROTEOLYSIS	135		Rejected!	
KEGG_REGULATION_OF_AUTOPHAGY	35		Rejected!	
KEGG_ENDOCYTOSIS	181		Rejected!	
KEGG_PEROXISOME	78		Rejected!	
KEGG_MTOR_SIGNALING_PATHWAY	52		Rejected!	
KEGG_APOPTOSIS	87		Rejected!	
KEGG_VASCULAR_SMOOTH_MUSCLE_CONTRACTION	115		Rejected!	
KEGG_WNT_SIGNALING_PATHWAY	151	16		
KEGG_DORSO_VENTRAL_AXIS_FORMATION	24		Rejected!	
KEGG_NOTCH_SIGNALING_PATHWAY	47		Rejected!	
KEGG_HEDGEHOG_SIGNALING_PATHWAY	56		Rejected!	
KEGG_TGF_BETA_SIGNALING_PATHWAY	86	16		
KEGG_AXON_GUIDANCE	129		Rejected!	
KEGG_VEGF_SIGNALING_PATHWAY	76		Rejected!	
KEGG_FOCAL_ADHESION	199	48		
KEGG_ECM_RECEPTOR_INTERACTION	84	30		
KEGG_CELL_ADHESION_MOLECULES_CAMS	133	29		
KEGG_ADHERENS_JUNCTION	73		Rejected!	
KEGG_TIGHT_JUNCTION	132	23		
KEGG_GAP_JUNCTION	90		Rejected!	
KEGG_COMPLEMENT_AND_COAGULATION_CASCADES	69	16		
KEGG_ANTIGEN_PROCESSING_AND_PRESENTATION	88	15		
KEGG_TOLL_LIKE_RECEPTOR_SIGNALING_PATHWAY	102		Rejected!	
KEGG_NOD_LIKE_RECEPTOR_SIGNALING_PATHWAY	62		Rejected!	
KEGG_RIG_I_LIKE_RECEPTOR_SIGNALING_PATHWAY	71		Rejected!	
KEGG_CYTOSOLIC_DNA_SENSING_PATHWAY	55		Rejected!	
KEGG_JAK_STAT_SIGNALING_PATHWAY	155		Rejected!	
KEGG_HEMATOPOIETIC_CELL_LINEAGE	87	15		
KEGG_NATURAL_KILLER_CELL_MEDIATED_CYTOTOXICITY	137	15		
KEGG_T_CELL_RECEPTOR_SIGNALING_PATHWAY	108		Rejected!	
KEGG_B_CELL_RECEPTOR_SIGNALING_PATHWAY	75	19		
KEGG_FC_EPSILON_RI_SIGNALING_PATHWAY	79		Rejected!	
KEGG_FC_GAMMA_R_MEDIATED_PHAGOCYTOSIS	96		Rejected!	
KEGG_LEUKOCYTE_TRANSENDOTHELIAL_MIGRATION	116	30		
KEGG_INTESTINAL_IMMUNE_NETWORK_FOR_IGA_PRODUCTION	48		Rejected!	
KEGG_LONG_TERM_POTENTIATION	70		Rejected!	
KEGG_NEUROTROPHIN_SIGNALING_PATHWAY	126		Rejected!	
KEGG_LONG_TERM_DEPRESSION	70		Rejected!	
KEGG_OLFACTORY_TRANSDUCTION	389		Rejected!	
KEGG_REGULATION_OF_ACTIN_CYTOSKELETON	213	26		
KEGG_INSULIN_SIGNALING_PATHWAY	137		Rejected!	
KEGG_GNRH_SIGNALING_PATHWAY	101		Rejected!	
KEGG_PROGESTERONE_MEDIATED_OOCYTE_MATURATION	85		Rejected!	
KEGG_MELANOGENESIS	101		Rejected!	
KEGG_ADIPOCYTOKINE_SIGNALING_PATHWAY	67		Rejected!	
KEGG_TYPE_II_DIABETES_MELLITUS	47		Rejected!	
KEGG_TYPE_I_DIABETES_MELLITUS	43		Rejected!	
KEGG_MATURITY_ONSET_DIABETES_OF_THE_YOUNG	25		Rejected!	
KEGG_ALDOSTERONE_REGULATED_SODIUM_REABSORPTION	42		Rejected!	
KEGG_VASOPRESSIN_REGULATED_WATER_REABSORPTION	44		Rejected!	
KEGG_ALZHEIMERS_DISEASE	166	18		
KEGG_PARKINSONS_DISEASE	130	17		
KEGG_AMYOTROPHIC_LATERAL_SCLEROSIS_ALS	53		Rejected!	
KEGG_HUNTINGTONS_DISEASE	182		Rejected!	
KEGG_PRION_DISEASES	35		Rejected!	
KEGG_VIBRIO_CHOLERAE_INFECTION	54		Rejected!	
KEGG_EPITHELIAL_CELL_SIGNALING_IN_HELICOBACTER_PYLORI_INFECTION	68		Rejected!	
KEGG_LEISHMANIA_INFECTION	72	17		
KEGG_PATHWAYS_IN_CANCER	325	40		
KEGG_COLORECTAL_CANCER	62		Rejected!	
KEGG_RENAL_CELL_CARCINOMA	70		Rejected!	
KEGG_PANCREATIC_CANCER	70		Rejected!	
KEGG_ENDOMETRIAL_CANCER	52		Rejected!	
KEGG_GLIOMA	65		Rejected!	
KEGG_PROSTATE_CANCER	89		Rejected!	
KEGG_THYROID_CANCER	29		Rejected!	
KEGG_BASAL_CELL_CARCINOMA	55		Rejected!	
KEGG_MELANOMA	71		Rejected!	
KEGG_BLADDER_CANCER	42		Rejected!	
KEGG_CHRONIC_MYELOID_LEUKEMIA	73		Rejected!	
KEGG_ACUTE_MYELOID_LEUKEMIA	57		Rejected!	
KEGG_SMALL_CELL_LUNG_CANCER	84		Rejected!	
KEGG_NON_SMALL_CELL_LUNG_CANCER	54		Rejected!	
KEGG_ASTHMA	30		Rejected!	
KEGG_AUTOIMMUNE_THYROID_DISEASE	52		Rejected!	
KEGG_ALLOGRAFT_REJECTION	37		Rejected!	
KEGG_GRAFT_VERSUS_HOST_DISEASE	41		Rejected!	
KEGG_VIRAL_MYOCARDITIS	70		Rejected!	
