NAME	SYMBOL	TITLE	RANK IN GENE LIST	RANK METRIC SCORE	RUNNING ES	CORE ENRICHMENT	
row_0	NPM1	nucleophosmin 1 [Source:HGNC Symbol;Acc:HGNC:7910]	11	0.48075592517852783	0.03124885	Yes	
row_1	ACSBG1	acyl-CoA synthetase bubblegum family member 1 [Source:HGNC Symbol;Acc:HGNC:29567]	12	0.47127851843833923	0.06938561	Yes	
row_2	SPTSSB	serine palmitoyltransferase small subunit B [Source:HGNC Symbol;Acc:HGNC:24045]	19	0.440774142742157	0.10087853	Yes	
row_3	RPS12	ribosomal protein S12 [Source:HGNC Symbol;Acc:HGNC:10385]	74	0.36005106568336487	0.09243626	Yes	
row_4	RPL38	ribosomal protein L38 [Source:HGNC Symbol;Acc:HGNC:10349]	78	0.3552364110946655	0.11909499	Yes	
row_5	NOA1	nitric oxide associated 1 [Source:HGNC Symbol;Acc:HGNC:28473]	96	0.3265123963356018	0.1336868	Yes	
row_6	VIM	vimentin [Source:HGNC Symbol;Acc:HGNC:12692]	109	0.31026989221572876	0.1504437	Yes	
row_7	RPL22L1	ribosomal protein L22 like 1 [Source:HGNC Symbol;Acc:HGNC:27610]	126	0.29439282417297363	0.16313222	Yes	
row_8	RPS2	ribosomal protein S2 [Source:HGNC Symbol;Acc:HGNC:10404]	151	0.26069504022598267	0.16752669	Yes	
row_9	RPS18	ribosomal protein S18 [Source:HGNC Symbol;Acc:HGNC:10401]	157	0.25524580478668213	0.1847022	Yes	
row_10	RPL41	ribosomal protein L41 [Source:HGNC Symbol;Acc:HGNC:10354]	165	0.24525956809520721	0.19967781	Yes	
row_11	RPS28	ribosomal protein S28 [Source:HGNC Symbol;Acc:HGNC:10418]	167	0.244924858212471	0.2188017	Yes	
row_12	RPS20	ribosomal protein S20 [Source:HGNC Symbol;Acc:HGNC:10405]	173	0.2374507635831833	0.23453721	Yes	
row_13	RPLP0	ribosomal protein lateral stalk subunit P0 [Source:HGNC Symbol;Acc:HGNC:10371]	183	0.22600650787353516	0.24656303	Yes	
row_14	MKNK2	MAPK interacting serine/threonine kinase 2 [Source:HGNC Symbol;Acc:HGNC:7111]	188	0.2167862355709076	0.26132223	Yes	
row_15	RPLP1	ribosomal protein lateral stalk subunit P1 [Source:HGNC Symbol;Acc:HGNC:10372]	201	0.1977231800556183	0.26897162	Yes	
row_16	RPL32	ribosomal protein L32 [Source:HGNC Symbol;Acc:HGNC:10336]	206	0.19260351359844208	0.2817739	Yes	
row_17	RPS9	ribosomal protein S9 [Source:HGNC Symbol;Acc:HGNC:10442]	207	0.1923254281282425	0.29733723	Yes	
row_18	RPL13A	ribosomal protein L13a [Source:HGNC Symbol;Acc:HGNC:10304]	248	0.15681472420692444	0.28219122	Yes	
row_19	RPL35	ribosomal protein L35 [Source:HGNC Symbol;Acc:HGNC:10344]	253	0.152143657207489	0.29171938	Yes	
row_20	SMPD3	sphingomyelin phosphodiesterase 3 [Source:HGNC Symbol;Acc:HGNC:14240]	258	0.14831241965293884	0.30093753	Yes	
row_21	RPL8	ribosomal protein L8 [Source:HGNC Symbol;Acc:HGNC:10368]	267	0.1402418613433838	0.30671903	Yes	
row_22	RPS27A	ribosomal protein S27a [Source:HGNC Symbol;Acc:HGNC:10417]	269	0.1396396905183792	0.31732303	Yes	
row_23	EEF1A1	eukaryotic translation elongation factor 1 alpha 1 [Source:HGNC Symbol;Acc:HGNC:3189]	270	0.13957126438617706	0.32861742	Yes	
row_24	RPL39	ribosomal protein L39 [Source:HGNC Symbol;Acc:HGNC:10350]	271	0.1391732394695282	0.33987957	Yes	
row_25	RPS4X	ribosomal protein S4 X-linked [Source:HGNC Symbol;Acc:HGNC:10424]	273	0.1367633044719696	0.35025084	Yes	
row_26	RPS23	ribosomal protein S23 [Source:HGNC Symbol;Acc:HGNC:10410]	278	0.13324686884880066	0.35824984	Yes	
row_27	RPL18	ribosomal protein L18 [Source:HGNC Symbol;Acc:HGNC:10310]	281	0.1316101849079132	0.3675082	Yes	
row_28	EIF5A	eukaryotic translation initiation factor 5A [Source:HGNC Symbol;Acc:HGNC:3300]	282	0.13109681010246277	0.37811682	Yes	
row_29	RBM3	RNA binding motif protein 3 [Source:HGNC Symbol;Acc:HGNC:9900]	301	0.11670763790607452	0.37503493	Yes	
row_30	RPL10	ribosomal protein L10 [Source:HGNC Symbol;Acc:HGNC:10298]	305	0.11506337672472	0.3822584	Yes	
row_31	RPS14	ribosomal protein S14 [Source:HGNC Symbol;Acc:HGNC:10387]	310	0.11359653621912003	0.38866726	Yes	
row_32	MRPL53	mitochondrial ribosomal protein L53 [Source:HGNC Symbol;Acc:HGNC:16684]	321	0.10635636001825333	0.39031488	Yes	
row_33	RPS29	ribosomal protein S29 [Source:HGNC Symbol;Acc:HGNC:10419]	322	0.10545624792575836	0.3988486	Yes	
row_34	SELENOT	selenoprotein T [Source:HGNC Symbol;Acc:HGNC:18136]	328	0.0999312773346901	0.40345576	Yes	
row_35	RPL27A	ribosomal protein L27a [Source:HGNC Symbol;Acc:HGNC:10329]	350	0.08908809721469879	0.39605114	Yes	
row_36	RPS27	ribosomal protein S27 [Source:HGNC Symbol;Acc:HGNC:10416]	355	0.08513175696134567	0.4001566	Yes	
row_37	RPL13	ribosomal protein L13 [Source:HGNC Symbol;Acc:HGNC:10303]	358	0.08204741030931473	0.40540424	Yes	
row_38	RPL37	ribosomal protein L37 [Source:HGNC Symbol;Acc:HGNC:10347]	362	0.07777255773544312	0.40961006	Yes	
row_39	RPS19	ribosomal protein S19 [Source:HGNC Symbol;Acc:HGNC:10402]	375	0.06834742426872253	0.40679014	No	
row_40	RPL14	ribosomal protein L14 [Source:HGNC Symbol;Acc:HGNC:10305]	391	0.05842460319399834	0.40107957	No	
row_41	RPS3	ribosomal protein S3 [Source:HGNC Symbol;Acc:HGNC:10420]	393	0.0578058660030365	0.40506142	No	
row_42	RPL18A	ribosomal protein L18a [Source:HGNC Symbol;Acc:HGNC:10311]	408	0.050420571118593216	0.39939904	No	
row_43	RPS3A	ribosomal protein S3A [Source:HGNC Symbol;Acc:HGNC:10421]	429	0.03559090942144394	0.38836122	No	
row_44	CELF4	CUGBP Elav-like family member 4 [Source:HGNC Symbol;Acc:HGNC:14015]	445	0.02537578158080578	0.37997627	No	
row_45	RPL3	ribosomal protein L3 [Source:HGNC Symbol;Acc:HGNC:10332]	452	0.018741441890597343	0.3773175	No	
row_46	RPL37A	ribosomal protein L37a [Source:HGNC Symbol;Acc:HGNC:10348]	453	0.01870943233370781	0.3788315	No	
row_47	RPS8	ribosomal protein S8 [Source:HGNC Symbol;Acc:HGNC:10441]	464	0.014581971801817417	0.37305257	No	
row_48	RPL31	ribosomal protein L31 [Source:HGNC Symbol;Acc:HGNC:10334]	467	0.013271933421492577	0.37273476	No	
row_49	RPS5	ribosomal protein S5 [Source:HGNC Symbol;Acc:HGNC:10426]	488	0.0028164794202893972	0.3590448	No	
row_50	RACK1	receptor for activated C kinase 1 [Source:HGNC Symbol;Acc:HGNC:4399]	490	0.00206623412668705	0.3585161	No	
row_51	YBX1	Y-box binding protein 1 [Source:HGNC Symbol;Acc:HGNC:8014]	491	0.0018686347175389528	0.3586673	No	
row_52	PAIP2B	poly(A) binding protein interacting protein 2B [Source:HGNC Symbol;Acc:HGNC:29200]	499	-0.002863276517018676	0.35402775	No	
row_53	MGST2	microsomal glutathione S-transferase 2 [Source:HGNC Symbol;Acc:HGNC:7063]	500	-0.003220265032723546	0.35428834	No	
row_54	RPL5	ribosomal protein L5 [Source:HGNC Symbol;Acc:HGNC:10360]	555	-0.02983498014509678	0.31912437	No	
row_55	MARS1	methionyl-tRNA synthetase 1 [Source:HGNC Symbol;Acc:HGNC:6898]	590	-0.05054149031639099	0.29955387	No	
row_56	SOX4	SRY-box transcription factor 4 [Source:HGNC Symbol;Acc:HGNC:11200]	685	-0.0990724042057991	0.24215694	No	
row_57	KRT17	keratin 17 [Source:HGNC Symbol;Acc:HGNC:6427]	691	-0.10216189920902252	0.2469446	No	
row_58	BANK1	B cell scaffold protein with ankyrin repeats 1 [Source:HGNC Symbol;Acc:HGNC:18233]	703	-0.10616655647754669	0.24788097	No	
row_59	BTG2	BTG anti-proliferation factor 2 [Source:HGNC Symbol;Acc:HGNC:1131]	713	-0.11241275072097778	0.25071457	No	
row_60	CCN1	cellular communication network factor 1 [Source:HGNC Symbol;Acc:HGNC:2654]	740	-0.12823736667633057	0.24299854	No	
row_61	IGFBP5	insulin like growth factor binding protein 5 [Source:HGNC Symbol;Acc:HGNC:5474]	755	-0.13605229556560516	0.24426563	No	
row_62	RGS2	regulator of G protein signaling 2 [Source:HGNC Symbol;Acc:HGNC:9998]	841	-0.18526533246040344	0.20010665	No	
row_63	TLCD3B	TLC domain containing 3B [Source:HGNC Symbol;Acc:HGNC:25295]	856	-0.19098946452140808	0.20581935	No	
row_64	CCL5	C-C motif chemokine ligand 5 [Source:HGNC Symbol;Acc:HGNC:10632]	952	-0.24522210657596588	0.15955324	No	
row_65	THBS1	thrombospondin 1 [Source:HGNC Symbol;Acc:HGNC:11785]	995	-0.2660684585571289	0.15185645	No	
row_66	HSPB1	heat shock protein family B (small) member 1 [Source:HGNC Symbol;Acc:HGNC:5246]	1022	-0.2759281098842621	0.15609184	No	
row_67	EIF1AY	eukaryotic translation initiation factor 1A Y-linked [Source:HGNC Symbol;Acc:HGNC:3252]	1131	-0.30151131749153137	0.10533413	No	
row_68	PRG3	"proteoglycan 3, pro eosinophil major basic protein 2 [Source:HGNC Symbol;Acc:HGNC:9363]"	1143	-0.30151134729385376	0.12207817	No	
row_69	NARS2	"asparaginyl-tRNA synthetase 2, mitochondrial [Source:HGNC Symbol;Acc:HGNC:26274]"	1212	-0.31312763690948486	0.10009625	No	
row_70	ARG1	arginase 1 [Source:HGNC Symbol;Acc:HGNC:663]	1397	-0.39762771129608154	0.004228501	No	
row_71	DAZL	deleted in azoospermia like [Source:HGNC Symbol;Acc:HGNC:2685]	1411	-0.4096754193305969	0.028333591	No	
row_72	RPL39L	ribosomal protein L39 like [Source:HGNC Symbol;Acc:HGNC:17094]	1473	-0.4840224087238312	0.025052061	No	
