NAME	SYMBOL	TITLE	RANK IN GENE LIST	RANK METRIC SCORE	RUNNING ES	CORE ENRICHMENT	
row_0	RPS12	ribosomal protein S12 [Source:HGNC Symbol;Acc:HGNC:10385]	74	0.36005106568336487	0.0014487955	Yes	
row_1	RPL38	ribosomal protein L38 [Source:HGNC Symbol;Acc:HGNC:10349]	78	0.3552364110946655	0.05066693	Yes	
row_2	RPL22L1	ribosomal protein L22 like 1 [Source:HGNC Symbol;Acc:HGNC:27610]	126	0.29439282417297363	0.061070297	Yes	
row_3	RPS2	ribosomal protein S2 [Source:HGNC Symbol;Acc:HGNC:10404]	151	0.26069504022598267	0.08231023	Yes	
row_4	RPS18	ribosomal protein S18 [Source:HGNC Symbol;Acc:HGNC:10401]	157	0.25524580478668213	0.115733035	Yes	
row_5	RPL41	ribosomal protein L41 [Source:HGNC Symbol;Acc:HGNC:10354]	165	0.24525956809520721	0.14634949	Yes	
row_6	RPS28	ribosomal protein S28 [Source:HGNC Symbol;Acc:HGNC:10418]	167	0.244924858212471	0.18101321	Yes	
row_7	RPS20	ribosomal protein S20 [Source:HGNC Symbol;Acc:HGNC:10405]	173	0.2374507635831833	0.21186793	Yes	
row_8	RPLP0	ribosomal protein lateral stalk subunit P0 [Source:HGNC Symbol;Acc:HGNC:10371]	183	0.22600650787353516	0.2383407	Yes	
row_9	RPLP1	ribosomal protein lateral stalk subunit P1 [Source:HGNC Symbol;Acc:HGNC:10372]	201	0.1977231800556183	0.25527102	Yes	
row_10	RPL32	ribosomal protein L32 [Source:HGNC Symbol;Acc:HGNC:10336]	206	0.19260351359844208	0.2803362	Yes	
row_11	RPS9	ribosomal protein S9 [Source:HGNC Symbol;Acc:HGNC:10442]	207	0.1923254281282425	0.3080916	Yes	
row_12	RPL13A	ribosomal protein L13a [Source:HGNC Symbol;Acc:HGNC:10304]	248	0.15681472420692444	0.30341858	Yes	
row_13	RPL35	ribosomal protein L35 [Source:HGNC Symbol;Acc:HGNC:10344]	253	0.152143657207489	0.3226448	Yes	
row_14	RPL8	ribosomal protein L8 [Source:HGNC Symbol;Acc:HGNC:10368]	267	0.1402418613433838	0.33401006	Yes	
row_15	RPS27A	ribosomal protein S27a [Source:HGNC Symbol;Acc:HGNC:10417]	269	0.1396396905183792	0.35347956	Yes	
row_16	RPL39	ribosomal protein L39 [Source:HGNC Symbol;Acc:HGNC:10350]	271	0.1391732394695282	0.37288174	Yes	
row_17	RPS4X	ribosomal protein S4 X-linked [Source:HGNC Symbol;Acc:HGNC:10424]	273	0.1367633044719696	0.39193615	Yes	
row_18	RPS23	ribosomal protein S23 [Source:HGNC Symbol;Acc:HGNC:10410]	278	0.13324686884880066	0.40843529	Yes	
row_19	RPL18	ribosomal protein L18 [Source:HGNC Symbol;Acc:HGNC:10310]	281	0.1316101849079132	0.42606342	Yes	
row_20	RBM3	RNA binding motif protein 3 [Source:HGNC Symbol;Acc:HGNC:9900]	301	0.11670763790607452	0.42993677	Yes	
row_21	RPL10	ribosomal protein L10 [Source:HGNC Symbol;Acc:HGNC:10298]	305	0.11506337672472	0.44449437	Yes	
row_22	RPS14	ribosomal protein S14 [Source:HGNC Symbol;Acc:HGNC:10387]	310	0.11359653621912003	0.45815766	Yes	
row_23	MRPL53	mitochondrial ribosomal protein L53 [Source:HGNC Symbol;Acc:HGNC:16684]	321	0.10635636001825333	0.46668053	Yes	
row_24	RPS29	ribosomal protein S29 [Source:HGNC Symbol;Acc:HGNC:10419]	322	0.10545624792575836	0.48189944	Yes	
row_25	RPL27A	ribosomal protein L27a [Source:HGNC Symbol;Acc:HGNC:10329]	350	0.08908809721469879	0.47632614	Yes	
row_26	RPS27	ribosomal protein S27 [Source:HGNC Symbol;Acc:HGNC:10416]	355	0.08513175696134567	0.48588157	Yes	
row_27	RPL13	ribosomal protein L13 [Source:HGNC Symbol;Acc:HGNC:10303]	358	0.08204741030931473	0.49635702	Yes	
row_28	RPL37	ribosomal protein L37 [Source:HGNC Symbol;Acc:HGNC:10347]	362	0.07777255773544312	0.505533	Yes	
row_29	RPS19	ribosomal protein S19 [Source:HGNC Symbol;Acc:HGNC:10402]	375	0.06834742426872253	0.5072054	Yes	
row_30	RPL14	ribosomal protein L14 [Source:HGNC Symbol;Acc:HGNC:10305]	391	0.05842460319399834	0.50539804	Yes	
row_31	RPS3	ribosomal protein S3 [Source:HGNC Symbol;Acc:HGNC:10420]	393	0.0578058660030365	0.5130577	Yes	
row_32	RPL18A	ribosomal protein L18a [Source:HGNC Symbol;Acc:HGNC:10311]	408	0.050420571118593216	0.51077783	No	
row_33	RPS3A	ribosomal protein S3A [Source:HGNC Symbol;Acc:HGNC:10421]	429	0.03559090942144394	0.50226223	No	
row_34	RPL3	ribosomal protein L3 [Source:HGNC Symbol;Acc:HGNC:10332]	452	0.018741441890597343	0.48994988	No	
row_35	RPL37A	ribosomal protein L37a [Source:HGNC Symbol;Acc:HGNC:10348]	453	0.01870943233370781	0.4926499	No	
row_36	RPS8	ribosomal protein S8 [Source:HGNC Symbol;Acc:HGNC:10441]	464	0.014581971801817417	0.4879284	No	
row_37	RPL31	ribosomal protein L31 [Source:HGNC Symbol;Acc:HGNC:10334]	467	0.013271933421492577	0.4884785	No	
row_38	RPS5	ribosomal protein S5 [Source:HGNC Symbol;Acc:HGNC:10426]	488	0.0028164794202893972	0.4752331	No	
row_39	RACK1	receptor for activated C kinase 1 [Source:HGNC Symbol;Acc:HGNC:4399]	490	0.00206623412668705	0.47484872	No	
row_40	RPL5	ribosomal protein L5 [Source:HGNC Symbol;Acc:HGNC:10360]	555	-0.02983498014509678	0.43546832	No	
row_41	APOD	apolipoprotein D [Source:HGNC Symbol;Acc:HGNC:612]	986	-0.2608025074005127	0.17959067	No	
row_42	NR0B1	nuclear receptor subfamily 0 group B member 1 [Source:HGNC Symbol;Acc:HGNC:7960]	1200	-0.3094867765903473	0.07886174	No	
row_43	ISG15	ISG15 ubiquitin like modifier [Source:HGNC Symbol;Acc:HGNC:4053]	1426	-0.42159706354141235	-0.013879125	No	
row_44	RPL39L	ribosomal protein L39 like [Source:HGNC Symbol;Acc:HGNC:17094]	1473	-0.4840224087238312	0.024573218	No	
