NAME	GS<br> follow link to MSigDB	GS DETAILS	SIZE	ES	NES	NOM p-val	FDR q-val	FWER p-val	RANK AT MAX	LEADING EDGE	
GOBP_PROTEIN_LOCALIZATION_TO_ENDOPLASMIC_RETICULUM	GOBP_PROTEIN_LOCALIZATION_TO_ENDOPLASMIC_RETICULUM	Details ...	38	0.70815647	3.373587	0.0	0.0	0.0	408	tags=79%, list=27%, signal=105%	
GOBP_NUCLEAR_TRANSCRIBED_MRNA_CATABOLIC_PROCESS_NONSENSE_MEDIATED_DECAY	GOBP_NUCLEAR_TRANSCRIBED_MRNA_CATABOLIC_PROCESS_NONSENSE_MEDIATED_DECAY	Details ...	37	0.7156345	3.3653045	0.0	0.0	0.0	408	tags=81%, list=27%, signal=108%	
GOBP_COTRANSLATIONAL_PROTEIN_TARGETING_TO_MEMBRANE	GOBP_COTRANSLATIONAL_PROTEIN_TARGETING_TO_MEMBRANE	Details ...	37	0.7156345	3.362186	0.0	0.0	0.0	408	tags=81%, list=27%, signal=108%	
GOBP_ESTABLISHMENT_OF_PROTEIN_LOCALIZATION_TO_ENDOPLASMIC_RETICULUM	GOBP_ESTABLISHMENT_OF_PROTEIN_LOCALIZATION_TO_ENDOPLASMIC_RETICULUM	Details ...	37	0.7156345	3.3450031	0.0	0.0	0.0	408	tags=81%, list=27%, signal=108%	
GOBP_NUCLEAR_TRANSCRIBED_MRNA_CATABOLIC_PROCESS	GOBP_NUCLEAR_TRANSCRIBED_MRNA_CATABOLIC_PROCESS	Details ...	39	0.69761187	3.3105738	0.0	0.0	0.0	393	tags=77%, list=26%, signal=101%	
GOBP_VIRAL_GENE_EXPRESSION	GOBP_VIRAL_GENE_EXPRESSION	Details ...	42	0.65371466	3.220795	0.0	0.0	0.0	393	tags=74%, list=26%, signal=97%	
GOMF_STRUCTURAL_CONSTITUENT_OF_RIBOSOME	GOMF_STRUCTURAL_CONSTITUENT_OF_RIBOSOME	Details ...	39	0.6356099	3.0716093	0.0	0.0	0.0	393	tags=77%, list=26%, signal=101%	
GOBP_RESPONSE_TO_XENOBIOTIC_STIMULUS	GOBP_RESPONSE_TO_XENOBIOTIC_STIMULUS	Details ...	20	0.7198394	2.7792208	0.0	1.633721E-4	0.001	175	tags=70%, list=12%, signal=78%	
GOCC_RIBOSOMAL_SUBUNIT	GOCC_RIBOSOMAL_SUBUNIT	Details ...	42	0.57272094	2.7627587	0.0	1.4521963E-4	0.001	393	tags=74%, list=26%, signal=97%	
GOBP_CYTOPLASMIC_TRANSLATION	GOBP_CYTOPLASMIC_TRANSLATION	Details ...	15	0.7683911	2.7394154	0.0	1.3069768E-4	0.001	322	tags=87%, list=21%, signal=109%	
GOBP_RNA_CATABOLIC_PROCESS	GOBP_RNA_CATABOLIC_PROCESS	Details ...	51	0.53533804	2.6898053	0.0	1.1881606E-4	0.001	393	tags=65%, list=26%, signal=85%	
GOBP_TRANSLATIONAL_INITIATION	GOBP_TRANSLATIONAL_INITIATION	Details ...	44	0.52592975	2.5918736	0.0	2.0220822E-4	0.002	393	tags=68%, list=26%, signal=89%	
GOCC_RIBOSOME	GOCC_RIBOSOME	Details ...	45	0.5130577	2.518555	0.0	4.6723173E-4	0.005	393	tags=71%, list=26%, signal=93%	
GOCC_CYTOSOLIC_RIBOSOME	GOCC_CYTOSOLIC_RIBOSOME	Details ...	40	0.53033555	2.4821858	0.0	5.200015E-4	0.006	393	tags=73%, list=26%, signal=95%	
GOBP_PROTEIN_TARGETING_TO_MEMBRANE	GOBP_PROTEIN_TARGETING_TO_MEMBRANE	Details ...	43	0.5066505	2.4526296	0.0	6.375102E-4	0.008	393	tags=72%, list=26%, signal=95%	
GOCC_LARGE_RIBOSOMAL_SUBUNIT	GOCC_LARGE_RIBOSOMAL_SUBUNIT	Details ...	23	0.5604727	2.3056653	0.0	0.0022579217	0.03	408	tags=78%, list=27%, signal=106%	
GOBP_AMIDE_BIOSYNTHETIC_PROCESS	GOBP_AMIDE_BIOSYNTHETIC_PROCESS	Details ...	73	0.40961006	2.28825	0.0	0.0025547454	0.035	362	tags=53%, list=24%, signal=67%	
GOCC_CYTOSOLIC_SMALL_RIBOSOMAL_SUBUNIT	GOCC_CYTOSOLIC_SMALL_RIBOSOMAL_SUBUNIT	Details ...	18	0.57967407	2.245156	0.0	0.003376754	0.048	393	tags=78%, list=26%, signal=104%	
GOCC_POLYSOME	GOCC_POLYSOME	Details ...	15	0.6233294	2.2388182	0.0	0.0033887145	0.051	322	tags=73%, list=21%, signal=92%	
GOBP_PEPTIDE_BIOSYNTHETIC_PROCESS	GOBP_PEPTIDE_BIOSYNTHETIC_PROCESS	Details ...	67	0.41492498	2.218824	0.0	0.0038919742	0.059	362	tags=54%, list=24%, signal=68%	
GOCC_SMALL_RIBOSOMAL_SUBUNIT	GOCC_SMALL_RIBOSOMAL_SUBUNIT		19	0.578902	2.214283	0.0	0.0038174693	0.061	393	tags=74%, list=26%, signal=98%	
GOBP_RIBOSOME_BIOGENESIS	GOBP_RIBOSOME_BIOGENESIS		22	0.54210633	2.1663418	0.0	0.005111112	0.086	391	tags=64%, list=26%, signal=85%	
GOCC_CYTOSOLIC_LARGE_RIBOSOMAL_SUBUNIT	GOCC_CYTOSOLIC_LARGE_RIBOSOMAL_SUBUNIT		21	0.54623914	2.1510682	0.0	0.00547519	0.097	408	tags=76%, list=27%, signal=103%	
GOCC_RIBONUCLEOPROTEIN_COMPLEX	GOCC_RIBONUCLEOPROTEIN_COMPLEX		65	0.38889515	2.1202343	0.0	0.0066386354	0.123	362	tags=52%, list=24%, signal=66%	
GOBP_RIBONUCLEOPROTEIN_COMPLEX_BIOGENESIS	GOBP_RIBONUCLEOPROTEIN_COMPLEX_BIOGENESIS		26	0.48540357	2.1080997	0.0	0.006872818	0.133	391	tags=62%, list=26%, signal=82%	
GOBP_MRNA_METABOLIC_PROCESS	GOBP_MRNA_METABOLIC_PROCESS		64	0.40601858	2.10648	0.0	0.006656727	0.134	362	tags=48%, list=24%, signal=61%	
GOBP_SULFUR_COMPOUND_BIOSYNTHETIC_PROCESS	GOBP_SULFUR_COMPOUND_BIOSYNTHETIC_PROCESS		18	0.5437818	2.1050868	0.0	0.0064960155	0.135	175	tags=50%, list=12%, signal=56%	
GOBP_SULFUR_COMPOUND_METABOLIC_PROCESS	GOBP_SULFUR_COMPOUND_METABOLIC_PROCESS		28	0.46362674	1.9924877	0.0	0.014695892	0.289	192	tags=43%, list=13%, signal=48%	
GOCC_MITOCHONDRIAL_PROTEIN_CONTAINING_COMPLEX	GOCC_MITOCHONDRIAL_PROTEIN_CONTAINING_COMPLEX		21	0.49753252	1.9871562	0.0	0.014477391	0.295	365	tags=71%, list=24%, signal=93%	
GOBP_ORGANIC_CYCLIC_COMPOUND_CATABOLIC_PROCESS	GOBP_ORGANIC_CYCLIC_COMPOUND_CATABOLIC_PROCESS		71	0.34956145	1.9023153	0.0	0.025292013	0.471	362	tags=49%, list=24%, signal=62%	
GOBP_CELLULAR_RESPONSE_TO_TOXIC_SUBSTANCE	GOBP_CELLULAR_RESPONSE_TO_TOXIC_SUBSTANCE		29	0.4282797	1.8965622	0.0	0.025928112	0.492	175	tags=41%, list=12%, signal=46%	
GOBP_RRNA_METABOLIC_PROCESS	GOBP_RRNA_METABOLIC_PROCESS		17	0.51505196	1.892795	0.0	0.025871266	0.502	391	tags=65%, list=26%, signal=86%	
GOMF_RNA_BINDING	GOMF_RNA_BINDING		123	0.31357032	1.8879493	0.0	0.026061144	0.517	315	tags=38%, list=21%, signal=44%	
GOBP_DETOXIFICATION	GOBP_DETOXIFICATION		32	0.4240886	1.8878601	0.005235602	0.025326427	0.517	179	tags=41%, list=12%, signal=45%	
GOBP_PROTEIN_TARGETING	GOBP_PROTEIN_TARGETING		53	0.36746252	1.8869704	0.0	0.024738785	0.519	393	tags=64%, list=26%, signal=84%	
GOCC_NEURON_SPINE	GOCC_NEURON_SPINE		15	0.53242636	1.88223	0.008583691	0.024647519	0.527	196	tags=27%, list=13%, signal=30%	
GOBP_ESTABLISHMENT_OF_PROTEIN_LOCALIZATION_TO_ORGANELLE	GOBP_ESTABLISHMENT_OF_PROTEIN_LOCALIZATION_TO_ORGANELLE		67	0.347921	1.8379079	0.0	0.032716945	0.637	393	tags=58%, list=26%, signal=75%	
GOBP_CELLULAR_OXIDANT_DETOXIFICATION	GOBP_CELLULAR_OXIDANT_DETOXIFICATION		27	0.4337643	1.8312335	0.0	0.033084486	0.648	153	tags=41%, list=10%, signal=45%	
GOCC_INNER_MITOCHONDRIAL_MEMBRANE_PROTEIN_COMPLEX	GOCC_INNER_MITOCHONDRIAL_MEMBRANE_PROTEIN_COMPLEX		19	0.47195476	1.8295586	0.004672897	0.032555286	0.652	435	tags=84%, list=29%, signal=117%	
GOBP_ESTABLISHMENT_OF_PROTEIN_LOCALIZATION_TO_MEMBRANE	GOBP_ESTABLISHMENT_OF_PROTEIN_LOCALIZATION_TO_MEMBRANE		54	0.3611366	1.8160446	0.0	0.03486347	0.683	393	tags=63%, list=26%, signal=82%	
GOBP_NEGATIVE_REGULATION_OF_CYTOSKELETON_ORGANIZATION	GOBP_NEGATIVE_REGULATION_OF_CYTOSKELETON_ORGANIZATION		18	0.4634369	1.7868241	0.016460905	0.04040239	0.742	77	tags=22%, list=5%, signal=23%	
GOBP_SUPEROXIDE_METABOLIC_PROCESS	GOBP_SUPEROXIDE_METABOLIC_PROCESS		15	0.49936378	1.77076	0.008097166	0.043513287	0.78	107	tags=40%, list=7%, signal=43%	
GOMF_MONOCARBOXYLIC_ACID_BINDING	GOMF_MONOCARBOXYLIC_ACID_BINDING		15	0.4764576	1.760093	0.007662835	0.045540772	0.808	185	tags=53%, list=12%, signal=60%	
GOBP_OXIDATIVE_PHOSPHORYLATION	GOBP_OXIDATIVE_PHOSPHORYLATION		16	0.47728905	1.7596558	0.007843138	0.0445856	0.809	435	tags=88%, list=29%, signal=122%	
GOBP_PROTON_TRANSMEMBRANE_TRANSPORT	GOBP_PROTON_TRANSMEMBRANE_TRANSPORT		16	0.47285703	1.7576272	0.004149378	0.04435139	0.817	435	tags=81%, list=29%, signal=113%	
GOMF_RRNA_BINDING	GOMF_RRNA_BINDING		15	0.47459835	1.7302513	0.017621145	0.05230516	0.866	393	tags=60%, list=26%, signal=80%	
GOBP_RIBONUCLEOPROTEIN_COMPLEX_SUBUNIT_ORGANIZATION	GOBP_RIBONUCLEOPROTEIN_COMPLEX_SUBUNIT_ORGANIZATION		15	0.48125774	1.7281926	0.012448133	0.05195725	0.871	375	tags=60%, list=25%, signal=79%	
GOBP_PEPTIDE_METABOLIC_PROCESS	GOBP_PEPTIDE_METABOLIC_PROCESS		87	0.30114326	1.7170113	0.0	0.054616407	0.885	362	tags=47%, list=24%, signal=58%	
GOCC_EXTRINSIC_COMPONENT_OF_CYTOPLASMIC_SIDE_OF_PLASMA_MEMBRANE	GOCC_EXTRINSIC_COMPONENT_OF_CYTOPLASMIC_SIDE_OF_PLASMA_MEMBRANE		15	0.49352452	1.7164272	0.027237354	0.053640496	0.886	221	tags=40%, list=15%, signal=46%	
GOBP_REGULATION_OF_CATION_CHANNEL_ACTIVITY	GOBP_REGULATION_OF_CATION_CHANNEL_ACTIVITY		24	0.4047404	1.6736192	0.029411765	0.06916099	0.945	202	tags=29%, list=13%, signal=33%	
GOBP_MONOCARBOXYLIC_ACID_METABOLIC_PROCESS	GOBP_MONOCARBOXYLIC_ACID_METABOLIC_PROCESS		62	0.3151026	1.6645287	0.010416667	0.071541466	0.958	185	tags=32%, list=12%, signal=35%	
GOBP_FATTY_ACID_METABOLIC_PROCESS	GOBP_FATTY_ACID_METABOLIC_PROCESS		34	0.3658259	1.66278	0.019354839	0.07111056	0.961	175	tags=38%, list=12%, signal=42%	
GOMF_PEPTIDE_BINDING	GOMF_PEPTIDE_BINDING		46	0.32862794	1.6608152	0.0	0.07030886	0.963	178	tags=30%, list=12%, signal=33%	
GOBP_NCRNA_PROCESSING	GOBP_NCRNA_PROCESSING		19	0.4155206	1.6410939	0.027149322	0.07828709	0.975	391	tags=58%, list=26%, signal=77%	
GOMF_OXIDOREDUCTASE_ACTIVITY_ACTING_ON_PEROXIDE_AS_ACCEPTOR	GOMF_OXIDOREDUCTASE_ACTIVITY_ACTING_ON_PEROXIDE_AS_ACCEPTOR		15	0.46386826	1.628766	0.020833334	0.083343506	0.979	153	tags=47%, list=10%, signal=51%	
GOBP_ORGANONITROGEN_COMPOUND_BIOSYNTHETIC_PROCESS	GOBP_ORGANONITROGEN_COMPOUND_BIOSYNTHETIC_PROCESS		142	0.25459036	1.624468	0.0	0.08400421	0.981	282	tags=33%, list=19%, signal=37%	
GOCC_SECRETORY_GRANULE_MEMBRANE	GOCC_SECRETORY_GRANULE_MEMBRANE		42	0.32744116	1.5969157	0.026845638	0.09738473	0.991	155	tags=31%, list=10%, signal=34%	
GOBP_DNA_CONFORMATION_CHANGE	GOBP_DNA_CONFORMATION_CHANGE		19	0.40459505	1.5905707	0.023041476	0.09982582	0.993	182	tags=42%, list=12%, signal=47%	
GOBP_POSITIVE_REGULATION_OF_TUMOR_NECROSIS_FACTOR_SUPERFAMILY_CYTOKINE_PRODUCTION	GOBP_POSITIVE_REGULATION_OF_TUMOR_NECROSIS_FACTOR_SUPERFAMILY_CYTOKINE_PRODUCTION		19	0.41200018	1.5855725	0.03271028	0.10143922	0.994	318	tags=47%, list=21%, signal=59%	
GOMF_ANTIOXIDANT_ACTIVITY	GOMF_ANTIOXIDANT_ACTIVITY		24	0.37629622	1.5830054	0.0048076925	0.10127991	0.995	153	tags=38%, list=10%, signal=41%	
GOBP_TUMOR_NECROSIS_FACTOR_SUPERFAMILY_CYTOKINE_PRODUCTION	GOBP_TUMOR_NECROSIS_FACTOR_SUPERFAMILY_CYTOKINE_PRODUCTION		28	0.3558065	1.5776503	0.028846154	0.10317628	0.995	174	tags=29%, list=12%, signal=32%	
GOBP_I_KAPPAB_KINASE_NF_KAPPAB_SIGNALING	GOBP_I_KAPPAB_KINASE_NF_KAPPAB_SIGNALING		27	0.35996076	1.5517435	0.019900497	0.11926717	1.0	132	tags=26%, list=9%, signal=28%	
GOCC_ORGANELLE_INNER_MEMBRANE	GOCC_ORGANELLE_INNER_MEMBRANE		45	0.3131969	1.5515985	0.022222223	0.1174524	1.0	365	tags=53%, list=24%, signal=68%	
GOBP_CELLULAR_LIPID_METABOLIC_PROCESS	GOBP_CELLULAR_LIPID_METABOLIC_PROCESS		83	0.2747055	1.5447232	0.011904762	0.12043863	1.0	150	tags=24%, list=10%, signal=25%	
GOMF_AMYLOID_BETA_BINDING	GOMF_AMYLOID_BETA_BINDING		18	0.40812153	1.535702	0.05172414	0.12508437	1.0	156	tags=33%, list=10%, signal=37%	
GOBP_NEGATIVE_REGULATION_OF_PROTEIN_CONTAINING_COMPLEX_ASSEMBLY	GOBP_NEGATIVE_REGULATION_OF_PROTEIN_CONTAINING_COMPLEX_ASSEMBLY		23	0.36314714	1.5185605	0.063725494	0.1356707	1.0	346	tags=43%, list=23%, signal=56%	
GOMF_CATION_TRANSMEMBRANE_TRANSPORTER_ACTIVITY	GOMF_CATION_TRANSMEMBRANE_TRANSPORTER_ACTIVITY		37	0.32729053	1.5169063	0.006369427	0.13491851	1.0	280	tags=41%, list=19%, signal=49%	
GOBP_RESPONSE_TO_TOXIC_SUBSTANCE	GOBP_RESPONSE_TO_TOXIC_SUBSTANCE		51	0.29002243	1.4989492	0.016129032	0.14796859	1.0	242	tags=35%, list=16%, signal=41%	
GOMF_CALCIUM_DEPENDENT_PROTEIN_BINDING	GOMF_CALCIUM_DEPENDENT_PROTEIN_BINDING		16	0.4058246	1.4978571	0.027777778	0.14679599	1.0	202	tags=38%, list=13%, signal=43%	
GOBP_CELL_AGING	GOBP_CELL_AGING		18	0.3767467	1.4965184	0.027777778	0.14575589	1.0	209	tags=39%, list=14%, signal=45%	
GOCC_NEURON_TO_NEURON_SYNAPSE	GOCC_NEURON_TO_NEURON_SYNAPSE		32	0.32216933	1.48846	0.040462427	0.15056193	1.0	410	tags=53%, list=27%, signal=71%	
GOBP_POSITIVE_REGULATION_OF_I_KAPPAB_KINASE_NF_KAPPAB_SIGNALING	GOBP_POSITIVE_REGULATION_OF_I_KAPPAB_KINASE_NF_KAPPAB_SIGNALING		18	0.37600225	1.4706792	0.07377049	0.16427113	1.0	132	tags=28%, list=9%, signal=30%	
GOBP_CELLULAR_AMIDE_METABOLIC_PROCESS	GOBP_CELLULAR_AMIDE_METABOLIC_PROCESS		104	0.25199494	1.4616727	0.013513514	0.17002162	1.0	362	tags=44%, list=24%, signal=54%	
GOCC_NUCLEAR_OUTER_MEMBRANE_ENDOPLASMIC_RETICULUM_MEMBRANE_NETWORK	GOCC_NUCLEAR_OUTER_MEMBRANE_ENDOPLASMIC_RETICULUM_MEMBRANE_NETWORK		79	0.26087227	1.423083	0.02	0.2091838	1.0	177	tags=25%, list=12%, signal=27%	
GOCC_MICROTUBULE	GOCC_MICROTUBULE		26	0.31738546	1.3947319	0.042682927	0.24157262	1.0	1038	tags=100%, list=69%, signal=314%	
GOMF_AMIDE_BINDING	GOMF_AMIDE_BINDING		50	0.27331033	1.3932235	0.041322313	0.2405591	1.0	178	tags=28%, list=12%, signal=31%	
GOBP_ANTIGEN_PROCESSING_AND_PRESENTATION_OF_PEPTIDE_ANTIGEN	GOBP_ANTIGEN_PROCESSING_AND_PRESENTATION_OF_PEPTIDE_ANTIGEN		26	0.32572109	1.3843167	0.11764706	0.24947877	1.0	254	tags=38%, list=17%, signal=45%	
GOMF_ORGANIC_ACID_BINDING	GOMF_ORGANIC_ACID_BINDING		19	0.35211977	1.3800352	0.074235804	0.25195986	1.0	185	tags=42%, list=12%, signal=47%	
GOBP_CELLULAR_PROTEIN_CONTAINING_COMPLEX_ASSEMBLY	GOBP_CELLULAR_PROTEIN_CONTAINING_COMPLEX_ASSEMBLY		88	0.2335804	1.3692061	0.011764706	0.26402968	1.0	310	tags=32%, list=21%, signal=38%	
GOBP_NIK_NF_KAPPAB_SIGNALING	GOBP_NIK_NF_KAPPAB_SIGNALING		17	0.35958216	1.358321	0.09311741	0.27710724	1.0	93	tags=24%, list=6%, signal=25%	
GOBP_ORGANIC_ACID_METABOLIC_PROCESS	GOBP_ORGANIC_ACID_METABOLIC_PROCESS		93	0.23773673	1.3563029	0.04109589	0.27650174	1.0	185	tags=27%, list=12%, signal=29%	
GOBP_ICOSANOID_METABOLIC_PROCESS	GOBP_ICOSANOID_METABOLIC_PROCESS		22	0.3280729	1.35622	0.10952381	0.2732958	1.0	175	tags=36%, list=12%, signal=41%	
GOMF_RNA_POLYMERASE_II_SPECIFIC_DNA_BINDING_TRANSCRIPTION_FACTOR_BINDING	GOMF_RNA_POLYMERASE_II_SPECIFIC_DNA_BINDING_TRANSCRIPTION_FACTOR_BINDING		26	0.31131697	1.3387425	0.07734807	0.29683658	1.0	116	tags=27%, list=8%, signal=29%	
GOBP_LONG_CHAIN_FATTY_ACID_METABOLIC_PROCESS	GOBP_LONG_CHAIN_FATTY_ACID_METABOLIC_PROCESS		15	0.38330564	1.3385297	0.12598425	0.2936403	1.0	175	tags=47%, list=12%, signal=52%	
GOCC_ORGANELLE_SUBCOMPARTMENT	GOCC_ORGANELLE_SUBCOMPARTMENT		112	0.22367789	1.332352	0.015151516	0.30035704	1.0	104	tags=17%, list=7%, signal=17%	
GOBP_CELLULAR_MACROMOLECULE_CATABOLIC_PROCESS	GOBP_CELLULAR_MACROMOLECULE_CATABOLIC_PROCESS		97	0.23243956	1.3296589	0.014925373	0.30117846	1.0	395	tags=49%, list=26%, signal=63%	
GOCC_MITOCHONDRIAL_ENVELOPE	GOCC_MITOCHONDRIAL_ENVELOPE		58	0.25155538	1.3292925	0.025641026	0.29837766	1.0	365	tags=52%, list=24%, signal=66%	
GOBP_CELL_CYCLE_G2_M_PHASE_TRANSITION	GOBP_CELL_CYCLE_G2_M_PHASE_TRANSITION		18	0.34566852	1.3268943	0.13004485	0.29872894	1.0	839	tags=94%, list=56%, signal=210%	
GOBP_REACTIVE_OXYGEN_SPECIES_METABOLIC_PROCESS	GOBP_REACTIVE_OXYGEN_SPECIES_METABOLIC_PROCESS		50	0.25187424	1.3255283	0.04032258	0.2974494	1.0	156	tags=26%, list=10%, signal=28%	
GOCC_CYTOPLASMIC_SIDE_OF_MEMBRANE	GOCC_CYTOPLASMIC_SIDE_OF_MEMBRANE		27	0.3145166	1.3053038	0.12041885	0.32734668	1.0	337	tags=41%, list=22%, signal=52%	
GOMF_PROTEIN_HOMODIMERIZATION_ACTIVITY	GOMF_PROTEIN_HOMODIMERIZATION_ACTIVITY		74	0.24231118	1.3029758	0.054347824	0.32783362	1.0	94	tags=19%, list=6%, signal=19%	
GOCC_EXTRINSIC_COMPONENT_OF_MEMBRANE	GOCC_EXTRINSIC_COMPONENT_OF_MEMBRANE		31	0.2896676	1.3006376	0.10465116	0.3283636	1.0	221	tags=32%, list=15%, signal=37%	
GOBP_INTRACELLULAR_PROTEIN_TRANSPORT	GOBP_INTRACELLULAR_PROTEIN_TRANSPORT		95	0.21653895	1.2900168	0.086419754	0.3430367	1.0	282	tags=33%, list=19%, signal=38%	
GOBP_POSITIVE_REGULATION_OF_NEURON_DEATH	GOBP_POSITIVE_REGULATION_OF_NEURON_DEATH		16	0.34857997	1.2722342	0.14396887	0.37321794	1.0	174	tags=25%, list=12%, signal=28%	
GOBP_POSITIVE_REGULATION_OF_DEFENSE_RESPONSE	GOBP_POSITIVE_REGULATION_OF_DEFENSE_RESPONSE		56	0.2375706	1.2657582	0.08695652	0.3816813	1.0	174	tags=23%, list=12%, signal=25%	
GOBP_REGULATION_OF_SIGNALING_RECEPTOR_ACTIVITY	GOBP_REGULATION_OF_SIGNALING_RECEPTOR_ACTIVITY		30	0.2897835	1.2561246	0.11111111	0.3967746	1.0	142	tags=20%, list=9%, signal=22%	
GOBP_CELLULAR_HORMONE_METABOLIC_PROCESS	GOBP_CELLULAR_HORMONE_METABOLIC_PROCESS		24	0.30055997	1.2542992	0.1641791	0.39590514	1.0	98	tags=29%, list=6%, signal=31%	
GOCC_CATALYTIC_COMPLEX	GOCC_CATALYTIC_COMPLEX		55	0.25161865	1.253431	0.08943089	0.39350477	1.0	354	tags=42%, list=23%, signal=53%	
GOCC_MEMBRANE_PROTEIN_COMPLEX	GOCC_MEMBRANE_PROTEIN_COMPLEX		102	0.21900937	1.2504549	0.057971016	0.39591253	1.0	263	tags=29%, list=17%, signal=33%	
GOBP_TERPENOID_METABOLIC_PROCESS	GOBP_TERPENOID_METABOLIC_PROCESS		21	0.31323895	1.2448095	0.1712963	0.4029903	1.0	98	tags=29%, list=6%, signal=30%	
GOBP_PROTEIN_LOCALIZATION_TO_ORGANELLE	GOBP_PROTEIN_LOCALIZATION_TO_ORGANELLE		92	0.21590245	1.2447225	0.049382716	0.39918056	1.0	281	tags=30%, list=19%, signal=35%	
GOBP_MACROPHAGE_ACTIVATION	GOBP_MACROPHAGE_ACTIVATION		23	0.30415395	1.2277697	0.16931216	0.43019608	1.0	174	tags=22%, list=12%, signal=24%	
GOBP_ISOPRENOID_METABOLIC_PROCESS	GOBP_ISOPRENOID_METABOLIC_PROCESS		24	0.29856792	1.2240386	0.16176471	0.43375084	1.0	120	tags=29%, list=8%, signal=31%	
GOCC_AZUROPHIL_GRANULE	GOCC_AZUROPHIL_GRANULE		21	0.30503017	1.2192415	0.15789473	0.44019058	1.0	261	tags=43%, list=17%, signal=51%	
GOBP_REGULATION_OF_CELL_CYCLE_G1_S_PHASE_TRANSITION	GOBP_REGULATION_OF_CELL_CYCLE_G1_S_PHASE_TRANSITION		21	0.31048208	1.2188551	0.16923077	0.4368234	1.0	209	tags=29%, list=14%, signal=33%	
GOBP_POSITIVE_REGULATION_OF_CELLULAR_AMIDE_METABOLIC_PROCESS	GOBP_POSITIVE_REGULATION_OF_CELLULAR_AMIDE_METABOLIC_PROCESS		16	0.32793164	1.2110447	0.18518518	0.4498034	1.0	301	tags=44%, list=20%, signal=54%	
GOBP_LIPID_METABOLIC_PROCESS	GOBP_LIPID_METABOLIC_PROCESS		130	0.20244071	1.2109536	0.019607844	0.44583744	1.0	153	tags=20%, list=10%, signal=20%	
GOMF_PHOSPHATIDYLINOSITOL_PHOSPHATE_BINDING	GOMF_PHOSPHATIDYLINOSITOL_PHOSPHATE_BINDING		15	0.33042097	1.2057506	0.19702603	0.45378608	1.0	111	tags=20%, list=7%, signal=21%	
GOBP_REGULATION_OF_REACTIVE_OXYGEN_SPECIES_METABOLIC_PROCESS	GOBP_REGULATION_OF_REACTIVE_OXYGEN_SPECIES_METABOLIC_PROCESS		34	0.2550608	1.2048081	0.18	0.4516032	1.0	156	tags=26%, list=10%, signal=29%	
GOBP_POSITIVE_REGULATION_OF_INTERLEUKIN_6_PRODUCTION	GOBP_POSITIVE_REGULATION_OF_INTERLEUKIN_6_PRODUCTION		17	0.3298926	1.203723	0.1953125	0.44993833	1.0	318	tags=53%, list=21%, signal=66%	
GOBP_INTERLEUKIN_1_BETA_PRODUCTION	GOBP_INTERLEUKIN_1_BETA_PRODUCTION		17	0.3292988	1.2016455	0.22413793	0.45044997	1.0	341	tags=47%, list=23%, signal=60%	
GOBP_POSITIVE_REGULATION_OF_TRANSPORTER_ACTIVITY	GOBP_POSITIVE_REGULATION_OF_TRANSPORTER_ACTIVITY		16	0.3217022	1.2009741	0.18577075	0.4479992	1.0	202	tags=38%, list=13%, signal=43%	
GOBP_REGULATION_OF_CELL_CYCLE_G2_M_PHASE_TRANSITION	GOBP_REGULATION_OF_CELL_CYCLE_G2_M_PHASE_TRANSITION		15	0.33377928	1.1857312	0.24017467	0.47895956	1.0	1010	tags=100%, list=67%, signal=299%	
GOMF_PROTEIN_DIMERIZATION_ACTIVITY	GOMF_PROTEIN_DIMERIZATION_ACTIVITY		111	0.2048878	1.1846248	0.10294118	0.47716677	1.0	198	tags=23%, list=13%, signal=24%	
GOBP_NEGATIVE_REGULATION_OF_SUPRAMOLECULAR_FIBER_ORGANIZATION	GOBP_NEGATIVE_REGULATION_OF_SUPRAMOLECULAR_FIBER_ORGANIZATION		21	0.28964612	1.1845341	0.1719457	0.47320515	1.0	156	tags=19%, list=10%, signal=21%	
GOBP_REACTIVE_OXYGEN_SPECIES_BIOSYNTHETIC_PROCESS	GOBP_REACTIVE_OXYGEN_SPECIES_BIOSYNTHETIC_PROCESS		22	0.30032507	1.1762781	0.22222222	0.488313	1.0	150	tags=32%, list=10%, signal=35%	
GOBP_NCRNA_METABOLIC_PROCESS	GOBP_NCRNA_METABOLIC_PROCESS		24	0.2879535	1.1588385	0.26256984	0.5261765	1.0	391	tags=50%, list=26%, signal=66%	
GOMF_LYASE_ACTIVITY	GOMF_LYASE_ACTIVITY		21	0.28537953	1.1513642	0.24454148	0.5404819	1.0	182	tags=33%, list=12%, signal=37%	
GOBP_INTRACELLULAR_TRANSPORT	GOBP_INTRACELLULAR_TRANSPORT		129	0.19405703	1.151279	0.1	0.5361212	1.0	282	tags=30%, list=19%, signal=34%	
GOBP_UNSATURATED_FATTY_ACID_METABOLIC_PROCESS	GOBP_UNSATURATED_FATTY_ACID_METABOLIC_PROCESS		17	0.31174836	1.1488986	0.2290749	0.53810877	1.0	175	tags=35%, list=12%, signal=39%	
GOCC_ENVELOPE	GOCC_ENVELOPE		94	0.20086437	1.1478981	0.2027027	0.53598076	1.0	321	tags=38%, list=21%, signal=46%	
GOBP_SENSORY_PERCEPTION_OF_PAIN	GOBP_SENSORY_PERCEPTION_OF_PAIN		20	0.29433197	1.1409454	0.26237625	0.5489467	1.0	217	tags=35%, list=14%, signal=40%	
GOBP_PROTEIN_IMPORT	GOBP_PROTEIN_IMPORT		17	0.30735227	1.1398572	0.22689076	0.54726475	1.0	218	tags=35%, list=14%, signal=41%	
GOBP_ICOSANOID_BIOSYNTHETIC_PROCESS	GOBP_ICOSANOID_BIOSYNTHETIC_PROCESS		16	0.3038835	1.1309407	0.2544643	0.567044	1.0	153	tags=31%, list=10%, signal=34%	
GOBP_POSITIVE_REGULATION_OF_LEUKOCYTE_MEDIATED_IMMUNITY	GOBP_POSITIVE_REGULATION_OF_LEUKOCYTE_MEDIATED_IMMUNITY		18	0.28810948	1.1292847	0.2982456	0.56680584	1.0	107	tags=17%, list=7%, signal=18%	
GOCC_SPECIFIC_GRANULE	GOCC_SPECIFIC_GRANULE		31	0.24082164	1.1276544	0.25698325	0.56656986	1.0	155	tags=26%, list=10%, signal=28%	
GOBP_REACTIVE_NITROGEN_SPECIES_METABOLIC_PROCESS	GOBP_REACTIVE_NITROGEN_SPECIES_METABOLIC_PROCESS		19	0.29043067	1.1204622	0.28070176	0.5814115	1.0	150	tags=32%, list=10%, signal=35%	
GOCC_TERTIARY_GRANULE	GOCC_TERTIARY_GRANULE		34	0.24448748	1.1161113	0.24561404	0.5888145	1.0	172	tags=29%, list=11%, signal=32%	
GOBP_POSITIVE_REGULATION_OF_NF_KAPPAB_TRANSCRIPTION_FACTOR_ACTIVITY	GOBP_POSITIVE_REGULATION_OF_NF_KAPPAB_TRANSCRIPTION_FACTOR_ACTIVITY		19	0.2926731	1.1092776	0.27142859	0.6030351	1.0	128	tags=26%, list=8%, signal=28%	
GOBP_HORMONE_METABOLIC_PROCESS	GOBP_HORMONE_METABOLIC_PROCESS		37	0.23502196	1.1061449	0.27564102	0.6076377	1.0	98	tags=22%, list=6%, signal=23%	
GOBP_PHAGOCYTOSIS	GOBP_PHAGOCYTOSIS		50	0.22698407	1.1058018	0.28275862	0.6040681	1.0	139	tags=20%, list=9%, signal=21%	
GOBP_POSITIVE_REGULATION_OF_INFLAMMATORY_RESPONSE	GOBP_POSITIVE_REGULATION_OF_INFLAMMATORY_RESPONSE		29	0.25102562	1.103288	0.2881356	0.60669273	1.0	199	tags=28%, list=13%, signal=31%	
GOBP_RECEPTOR_MEDIATED_ENDOCYTOSIS	GOBP_RECEPTOR_MEDIATED_ENDOCYTOSIS		39	0.22871107	1.1017112	0.29268292	0.6066753	1.0	142	tags=23%, list=9%, signal=25%	
GOCC_CELL_LEADING_EDGE	GOCC_CELL_LEADING_EDGE		37	0.23057291	1.1007565	0.30718955	0.6046346	1.0	160	tags=19%, list=11%, signal=21%	
GOMF_UBIQUITIN_LIKE_PROTEIN_LIGASE_BINDING	GOMF_UBIQUITIN_LIKE_PROTEIN_LIGASE_BINDING		27	0.25565258	1.0979923	0.29268292	0.6081028	1.0	324	tags=33%, list=21%, signal=42%	
GOBP_NEGATIVE_REGULATION_OF_GENE_EXPRESSION	GOBP_NEGATIVE_REGULATION_OF_GENE_EXPRESSION		146	0.1734055	1.0926527	0.22	0.61812955	1.0	281	tags=27%, list=19%, signal=30%	
GOBP_ANTIGEN_PROCESSING_AND_PRESENTATION	GOBP_ANTIGEN_PROCESSING_AND_PRESENTATION		31	0.24298827	1.0894369	0.2947977	0.62291974	1.0	254	tags=32%, list=17%, signal=38%	
GOBP_NEUTROPHIL_CHEMOTAXIS	GOBP_NEUTROPHIL_CHEMOTAXIS		32	0.24134457	1.083458	0.31791908	0.6357578	1.0	174	tags=25%, list=12%, signal=28%	
GOCC_SPECIFIC_GRANULE_LUMEN	GOCC_SPECIFIC_GRANULE_LUMEN		18	0.27491248	1.0804651	0.3108108	0.6401139	1.0	140	tags=28%, list=9%, signal=30%	
GOMF_OXIDOREDUCTASE_ACTIVITY	GOMF_OXIDOREDUCTASE_ACTIVITY		79	0.19308275	1.0777473	0.3298969	0.6430281	1.0	166	tags=20%, list=11%, signal=22%	
GOBP_NEUTROPHIL_MIGRATION	GOBP_NEUTROPHIL_MIGRATION		33	0.236525	1.0764515	0.30769232	0.64181954	1.0	174	tags=24%, list=12%, signal=27%	
GOBP_POSITIVE_REGULATION_OF_CELLULAR_PROTEIN_LOCALIZATION	GOBP_POSITIVE_REGULATION_OF_CELLULAR_PROTEIN_LOCALIZATION		21	0.27500483	1.0760361	0.3317757	0.6384338	1.0	142	tags=19%, list=9%, signal=21%	
GOBP_CELL_CYCLE_G1_S_PHASE_TRANSITION	GOBP_CELL_CYCLE_G1_S_PHASE_TRANSITION		24	0.25201803	1.0698849	0.33673468	0.65190685	1.0	209	tags=25%, list=14%, signal=29%	
GOBP_ORGANELLE_MEMBRANE_FUSION	GOBP_ORGANELLE_MEMBRANE_FUSION		16	0.29183406	1.066212	0.35744682	0.657482	1.0	1073	tags=100%, list=71%, signal=342%	
GOMF_ION_TRANSMEMBRANE_TRANSPORTER_ACTIVITY	GOMF_ION_TRANSMEMBRANE_TRANSPORTER_ACTIVITY		60	0.20400657	1.063042	0.30578512	0.66203195	1.0	263	tags=32%, list=17%, signal=37%	
GOBP_CATION_TRANSMEMBRANE_TRANSPORT	GOBP_CATION_TRANSMEMBRANE_TRANSPORT		82	0.19309051	1.0613642	0.3375	0.6622496	1.0	263	tags=27%, list=17%, signal=31%	
GOCC_EXTRINSIC_COMPONENT_OF_PLASMA_MEMBRANE	GOCC_EXTRINSIC_COMPONENT_OF_PLASMA_MEMBRANE		21	0.26300645	1.0611684	0.35323384	0.6583564	1.0	145	tags=24%, list=10%, signal=26%	
GOBP_POSITIVE_REGULATION_OF_CYTOKINE_PRODUCTION	GOBP_POSITIVE_REGULATION_OF_CYTOKINE_PRODUCTION		73	0.19753921	1.0584298	0.32692307	0.6616761	1.0	150	tags=19%, list=10%, signal=20%	
GOBP_NEGATIVE_REGULATION_OF_ORGANELLE_ORGANIZATION	GOBP_NEGATIVE_REGULATION_OF_ORGANELLE_ORGANIZATION		32	0.2317249	1.0560092	0.32022473	0.66428715	1.0	77	tags=13%, list=5%, signal=13%	
GOBP_PROTEIN_COMPLEX_OLIGOMERIZATION	GOBP_PROTEIN_COMPLEX_OLIGOMERIZATION		18	0.27230972	1.0503598	0.33953488	0.67632437	1.0	180	tags=28%, list=12%, signal=31%	
GOBP_REGULATION_OF_CELL_CYCLE_PHASE_TRANSITION	GOBP_REGULATION_OF_CELL_CYCLE_PHASE_TRANSITION		36	0.22736356	1.0481403	0.36627907	0.6786307	1.0	209	tags=22%, list=14%, signal=25%	
GOBP_POSITIVE_REGULATION_OF_CATION_TRANSMEMBRANE_TRANSPORT	GOBP_POSITIVE_REGULATION_OF_CATION_TRANSMEMBRANE_TRANSPORT		24	0.25082722	1.0453774	0.3919598	0.6823816	1.0	202	tags=29%, list=13%, signal=33%	
GOBP_POSITIVE_REGULATION_OF_RESPONSE_TO_BIOTIC_STIMULUS	GOBP_POSITIVE_REGULATION_OF_RESPONSE_TO_BIOTIC_STIMULUS		30	0.22867164	1.0350815	0.35664335	0.7090117	1.0	155	tags=20%, list=10%, signal=22%	
GOBP_CELL_CYCLE_PHASE_TRANSITION	GOBP_CELL_CYCLE_PHASE_TRANSITION		42	0.21304545	1.0344406	0.38311687	0.70627636	1.0	324	tags=33%, list=21%, signal=41%	
GOCC_POSTSYNAPSE	GOCC_POSTSYNAPSE		54	0.1998779	1.0337527	0.4074074	0.70368963	1.0	400	tags=37%, list=26%, signal=49%	
GOBP_MACROMOLECULE_CATABOLIC_PROCESS	GOBP_MACROMOLECULE_CATABOLIC_PROCESS		126	0.17111368	1.0322348	0.3043478	0.7035373	1.0	396	tags=45%, list=26%, signal=56%	
GOBP_MONOCYTE_CHEMOTAXIS	GOBP_MONOCYTE_CHEMOTAXIS		24	0.2386772	1.0308832	0.38636363	0.70303506	1.0	314	tags=38%, list=21%, signal=47%	
GOBP_ENDOMEMBRANE_SYSTEM_ORGANIZATION	GOBP_ENDOMEMBRANE_SYSTEM_ORGANIZATION		26	0.24477465	1.0304223	0.40860215	0.69997734	1.0	97	tags=15%, list=6%, signal=16%	
GOBP_NEGATIVE_REGULATION_OF_BINDING	GOBP_NEGATIVE_REGULATION_OF_BINDING		24	0.2514079	1.0287379	0.39361703	0.70067906	1.0	209	tags=25%, list=14%, signal=29%	
GOMF_DNA_BINDING_TRANSCRIPTION_FACTOR_BINDING	GOMF_DNA_BINDING_TRANSCRIPTION_FACTOR_BINDING		34	0.2248099	1.0273186	0.42682928	0.7004316	1.0	116	tags=21%, list=8%, signal=22%	
GOBP_POSITIVE_REGULATION_OF_COLD_INDUCED_THERMOGENESIS	GOBP_POSITIVE_REGULATION_OF_COLD_INDUCED_THERMOGENESIS		16	0.28375348	1.0225978	0.3846154	0.7093312	1.0	146	tags=25%, list=10%, signal=27%	
GOMF_CARBOXYLIC_ACID_BINDING	GOMF_CARBOXYLIC_ACID_BINDING		23	0.25223294	1.01894	0.39344263	0.71538484	1.0	185	tags=35%, list=12%, signal=39%	
GOBP_ORGANIC_ACID_BIOSYNTHETIC_PROCESS	GOBP_ORGANIC_ACID_BIOSYNTHETIC_PROCESS		35	0.21913458	1.012048	0.42528737	0.7311017	1.0	175	tags=26%, list=12%, signal=28%	
GOBP_NEGATIVE_REGULATION_OF_MYELOID_CELL_DIFFERENTIATION	GOBP_NEGATIVE_REGULATION_OF_MYELOID_CELL_DIFFERENTIATION		15	0.27791512	1.0028293	0.424	0.75320685	1.0	174	tags=27%, list=12%, signal=30%	
GOBP_NUCLEAR_TRANSPORT	GOBP_NUCLEAR_TRANSPORT		23	0.23910193	0.9976578	0.46919432	0.76414	1.0	138	tags=22%, list=9%, signal=24%	
GOBP_PROTEIN_CONTAINING_COMPLEX_LOCALIZATION	GOBP_PROTEIN_CONTAINING_COMPLEX_LOCALIZATION		16	0.27149707	0.9957654	0.45	0.7652928	1.0	23	tags=13%, list=2%, signal=13%	
GOBP_FATTY_ACID_BIOSYNTHETIC_PROCESS	GOBP_FATTY_ACID_BIOSYNTHETIC_PROCESS		21	0.24848269	0.99573654	0.41284403	0.76081306	1.0	175	tags=29%, list=12%, signal=32%	
GOBP_REGULATION_OF_INNATE_IMMUNE_RESPONSE	GOBP_REGULATION_OF_INNATE_IMMUNE_RESPONSE		37	0.20959711	0.99411404	0.42857143	0.76125556	1.0	155	tags=19%, list=10%, signal=21%	
GOMF_ELECTRON_TRANSFER_ACTIVITY	GOMF_ELECTRON_TRANSFER_ACTIVITY		18	0.25289991	0.9937438	0.43801653	0.7579258	1.0	351	tags=56%, list=23%, signal=72%	
GOMF_CATION_CHANNEL_ACTIVITY	GOMF_CATION_CHANNEL_ACTIVITY		23	0.24566682	0.9915241	0.4864865	0.7598975	1.0	280	tags=30%, list=19%, signal=37%	
GOBP_OSTEOCLAST_DIFFERENTIATION	GOBP_OSTEOCLAST_DIFFERENTIATION		19	0.24787565	0.9865626	0.43192488	0.7702467	1.0	174	tags=26%, list=12%, signal=29%	
GOBP_CARBOHYDRATE_DERIVATIVE_BIOSYNTHETIC_PROCESS	GOBP_CARBOHYDRATE_DERIVATIVE_BIOSYNTHETIC_PROCESS		40	0.20291433	0.9833682	0.49253732	0.77516824	1.0	47	tags=13%, list=3%, signal=13%	
GOBP_PROTEIN_LOCALIZATION_TO_MEMBRANE	GOBP_PROTEIN_LOCALIZATION_TO_MEMBRANE		85	0.17162679	0.9803315	0.5068493	0.77942675	1.0	366	tags=41%, list=24%, signal=51%	
GOBP_REGULATION_OF_MYELOID_CELL_DIFFERENTIATION	GOBP_REGULATION_OF_MYELOID_CELL_DIFFERENTIATION		40	0.20369694	0.9803022	0.48447204	0.77502877	1.0	174	tags=23%, list=12%, signal=25%	
GOBP_REGULATION_OF_MRNA_METABOLIC_PROCESS	GOBP_REGULATION_OF_MRNA_METABOLIC_PROCESS		18	0.26274556	0.97703487	0.4488889	0.77987117	1.0	109	tags=17%, list=7%, signal=18%	
GOBP_RESPONSE_TO_ENDOPLASMIC_RETICULUM_STRESS	GOBP_RESPONSE_TO_ENDOPLASMIC_RETICULUM_STRESS		21	0.2364063	0.9709235	0.4600939	0.7930406	1.0	177	tags=24%, list=12%, signal=27%	
GOBP_NEGATIVE_REGULATION_OF_CELL_CYCLE_PROCESS	GOBP_NEGATIVE_REGULATION_OF_CELL_CYCLE_PROCESS		29	0.2252768	0.967434	0.5	0.7988529	1.0	209	tags=21%, list=14%, signal=24%	
GOBP_POSITIVE_REGULATION_OF_LIPID_LOCALIZATION	GOBP_POSITIVE_REGULATION_OF_LIPID_LOCALIZATION		21	0.24696995	0.96555835	0.49115044	0.80003774	1.0	140	tags=24%, list=9%, signal=26%	
GOMF_KINASE_BINDING	GOMF_KINASE_BINDING		70	0.1730247	0.96109456	0.5392157	0.80875474	1.0	209	tags=20%, list=14%, signal=22%	
GOBP_CELLULAR_MODIFIED_AMINO_ACID_METABOLIC_PROCESS	GOBP_CELLULAR_MODIFIED_AMINO_ACID_METABOLIC_PROCESS		22	0.24579215	0.9609705	0.52040815	0.80454844	1.0	175	tags=32%, list=12%, signal=35%	
GOMF_GTPASE_ACTIVITY	GOMF_GTPASE_ACTIVITY		32	0.21334854	0.9586991	0.5294118	0.80661196	1.0	337	tags=34%, list=22%, signal=43%	
GOCC_TRANSPORTER_COMPLEX	GOCC_TRANSPORTER_COMPLEX		23	0.23649268	0.958321	0.5222222	0.8032023	1.0	280	tags=35%, list=19%, signal=42%	
GOBP_INTERLEUKIN_1_PRODUCTION	GOBP_INTERLEUKIN_1_PRODUCTION		22	0.23503199	0.95486534	0.53092784	0.80878985	1.0	341	tags=41%, list=23%, signal=52%	
GOBP_REGULATION_OF_TRANS_SYNAPTIC_SIGNALING	GOBP_REGULATION_OF_TRANS_SYNAPTIC_SIGNALING		46	0.19356215	0.9508847	0.5714286	0.8164472	1.0	202	tags=17%, list=13%, signal=19%	
GOCC_TRANSFERASE_COMPLEX	GOCC_TRANSFERASE_COMPLEX		22	0.23243812	0.9499358	0.54260087	0.81478626	1.0	370	tags=36%, list=25%, signal=47%	
GOBP_ACUTE_INFLAMMATORY_RESPONSE	GOBP_ACUTE_INFLAMMATORY_RESPONSE		25	0.22916414	0.94902337	0.5159575	0.8131855	1.0	150	tags=24%, list=10%, signal=26%	
GOBP_REGULATION_OF_REGULATED_SECRETORY_PATHWAY	GOBP_REGULATION_OF_REGULATED_SECRETORY_PATHWAY		15	0.26117247	0.94458336	0.5139442	0.82176363	1.0	107	tags=20%, list=7%, signal=21%	
GOBP_REGULATION_OF_CELLULAR_AMIDE_METABOLIC_PROCESS	GOBP_REGULATION_OF_CELLULAR_AMIDE_METABOLIC_PROCESS		37	0.19722404	0.9404337	0.53103447	0.8293681	1.0	328	tags=35%, list=22%, signal=44%	
GOCC_PROTEIN_DNA_COMPLEX	GOCC_PROTEIN_DNA_COMPLEX		21	0.23997512	0.9386311	0.5527426	0.8301694	1.0	182	tags=24%, list=12%, signal=27%	
GOBP_PURINE_CONTAINING_COMPOUND_BIOSYNTHETIC_PROCESS	GOBP_PURINE_CONTAINING_COMPOUND_BIOSYNTHETIC_PROCESS		16	0.25021282	0.9365401	0.5070422	0.83146363	1.0	219	tags=25%, list=15%, signal=29%	
GOBP_NEGATIVE_REGULATION_OF_DNA_METABOLIC_PROCESS	GOBP_NEGATIVE_REGULATION_OF_DNA_METABOLIC_PROCESS		15	0.26489168	0.93610483	0.5349794	0.8283725	1.0	251	tags=40%, list=17%, signal=47%	
GOBP_FC_RECEPTOR_MEDIATED_STIMULATORY_SIGNALING_PATHWAY	GOBP_FC_RECEPTOR_MEDIATED_STIMULATORY_SIGNALING_PATHWAY		15	0.2571787	0.93180144	0.5590551	0.8360303	1.0	108	tags=20%, list=7%, signal=21%	
GOBP_POSITIVE_REGULATION_OF_REACTIVE_OXYGEN_SPECIES_METABOLIC_PROCESS	GOBP_POSITIVE_REGULATION_OF_REACTIVE_OXYGEN_SPECIES_METABOLIC_PROCESS		20	0.23735583	0.9317353	0.56557375	0.83185506	1.0	150	tags=25%, list=10%, signal=27%	
GOMF_TUBULIN_BINDING	GOMF_TUBULIN_BINDING		31	0.20486814	0.92321485	0.54891306	0.8508841	1.0	1206	tags=100%, list=80%, signal=487%	
GOBP_REGULATION_OF_SYNAPTIC_PLASTICITY	GOBP_REGULATION_OF_SYNAPTIC_PLASTICITY		21	0.22516721	0.9219085	0.59911895	0.8500536	1.0	23	tags=10%, list=2%, signal=10%	
GOBP_REGULATION_OF_PROTEIN_MODIFICATION_BY_SMALL_PROTEIN_CONJUGATION_OR_REMOVAL	GOBP_REGULATION_OF_PROTEIN_MODIFICATION_BY_SMALL_PROTEIN_CONJUGATION_OR_REMOVAL		16	0.25209105	0.92112774	0.53023255	0.847996	1.0	393	tags=50%, list=26%, signal=67%	
GOBP_CHROMATIN_ORGANIZATION	GOBP_CHROMATIN_ORGANIZATION		45	0.18740545	0.92030334	0.6413793	0.84596527	1.0	182	tags=20%, list=12%, signal=22%	
GOBP_ALCOHOL_METABOLIC_PROCESS	GOBP_ALCOHOL_METABOLIC_PROCESS		32	0.19923769	0.9141829	0.6545454	0.8586263	1.0	120	tags=19%, list=8%, signal=20%	
GOBP_REGULATION_OF_DNA_BINDING	GOBP_REGULATION_OF_DNA_BINDING		19	0.24102905	0.9139805	0.5648148	0.8548773	1.0	202	tags=32%, list=13%, signal=36%	
GOBP_REGULATION_OF_HORMONE_LEVELS	GOBP_REGULATION_OF_HORMONE_LEVELS		87	0.16134901	0.9128142	0.6969697	0.8537969	1.0	98	tags=13%, list=6%, signal=13%	
GOBP_NUCLEOSIDE_PHOSPHATE_BIOSYNTHETIC_PROCESS	GOBP_NUCLEOSIDE_PHOSPHATE_BIOSYNTHETIC_PROCESS		20	0.23302193	0.9107354	0.60096157	0.85484505	1.0	219	tags=25%, list=15%, signal=29%	
GOMF_GATED_CHANNEL_ACTIVITY	GOMF_GATED_CHANNEL_ACTIVITY		21	0.22589317	0.91030484	0.5867347	0.8518727	1.0	112	tags=14%, list=7%, signal=15%	
GOBP_FC_RECEPTOR_SIGNALING_PATHWAY	GOBP_FC_RECEPTOR_SIGNALING_PATHWAY		20	0.23520754	0.9065928	0.60913706	0.85734147	1.0	216	tags=25%, list=14%, signal=29%	
GOBP_CIRCADIAN_RHYTHM	GOBP_CIRCADIAN_RHYTHM		25	0.21181983	0.9043723	0.63829786	0.8589957	1.0	244	tags=28%, list=16%, signal=33%	
GOBP_ORGANOPHOSPHATE_BIOSYNTHETIC_PROCESS	GOBP_ORGANOPHOSPHATE_BIOSYNTHETIC_PROCESS		38	0.19672608	0.90115833	0.6447368	0.8627996	1.0	171	tags=21%, list=11%, signal=23%	
GOBP_ELECTRON_TRANSPORT_CHAIN	GOBP_ELECTRON_TRANSPORT_CHAIN		19	0.2360447	0.9007846	0.61009175	0.85958433	1.0	351	tags=53%, list=23%, signal=68%	
GOCC_NUCLEAR_PROTEIN_CONTAINING_COMPLEX	GOCC_NUCLEAR_PROTEIN_CONTAINING_COMPLEX		52	0.1756502	0.89982826	0.7089552	0.85785025	1.0	229	tags=23%, list=15%, signal=26%	
GOBP_B_CELL_MEDIATED_IMMUNITY	GOBP_B_CELL_MEDIATED_IMMUNITY		23	0.21938391	0.89755577	0.625	0.8595552	1.0	108	tags=17%, list=7%, signal=18%	
GOBP_NEUROPEPTIDE_SIGNALING_PATHWAY	GOBP_NEUROPEPTIDE_SIGNALING_PATHWAY		25	0.21762684	0.8930658	0.60199004	0.86637676	1.0	199	tags=20%, list=13%, signal=23%	
GOBP_PHOSPHOLIPASE_C_ACTIVATING_G_PROTEIN_COUPLED_RECEPTOR_SIGNALING_PATHWAY	GOBP_PHOSPHOLIPASE_C_ACTIVATING_G_PROTEIN_COUPLED_RECEPTOR_SIGNALING_PATHWAY		15	0.24807987	0.8921159	0.6099585	0.86465335	1.0	24	tags=13%, list=2%, signal=13%	
GOMF_ENZYME_INHIBITOR_ACTIVITY	GOMF_ENZYME_INHIBITOR_ACTIVITY		74	0.16010334	0.8906279	0.7752809	0.86416376	1.0	141	tags=15%, list=9%, signal=16%	
GOBP_ANTIGEN_PROCESSING_AND_PRESENTATION_OF_PEPTIDE_OR_POLYSACCHARIDE_ANTIGEN_VIA_MHC_CLASS_II	GOBP_ANTIGEN_PROCESSING_AND_PRESENTATION_OF_PEPTIDE_OR_POLYSACCHARIDE_ANTIGEN_VIA_MHC_CLASS_II		17	0.24329145	0.88933235	0.6391304	0.8631906	1.0	254	tags=41%, list=17%, signal=49%	
GOBP_RNA_PROCESSING	GOBP_RNA_PROCESSING		37	0.19017056	0.88600576	0.63276833	0.86706024	1.0	253	tags=24%, list=17%, signal=29%	
GOBP_POSTTRANSCRIPTIONAL_REGULATION_OF_GENE_EXPRESSION	GOBP_POSTTRANSCRIPTIONAL_REGULATION_OF_GENE_EXPRESSION		42	0.17908421	0.88549155	0.73015875	0.8643644	1.0	328	tags=33%, list=22%, signal=41%	
GOBP_ATP_METABOLIC_PROCESS	GOBP_ATP_METABOLIC_PROCESS		28	0.20626016	0.883438	0.655	0.8652949	1.0	435	tags=61%, list=29%, signal=84%	
GOBP_NEGATIVE_REGULATION_OF_CELLULAR_COMPONENT_ORGANIZATION	GOBP_NEGATIVE_REGULATION_OF_CELLULAR_COMPONENT_ORGANIZATION		75	0.16334902	0.8738852	0.78651685	0.8838209	1.0	109	tags=12%, list=7%, signal=12%	
GOBP_ENDOCRINE_PROCESS	GOBP_ENDOCRINE_PROCESS		17	0.23472703	0.8737289	0.6375	0.88009334	1.0	199	tags=29%, list=13%, signal=33%	
GOBP_MEMBRANE_INVAGINATION	GOBP_MEMBRANE_INVAGINATION		19	0.22004542	0.86712354	0.67281103	0.89172494	1.0	107	tags=21%, list=7%, signal=22%	
GOBP_POSITIVE_REGULATION_OF_RESPONSE_TO_EXTERNAL_STIMULUS	GOBP_POSITIVE_REGULATION_OF_RESPONSE_TO_EXTERNAL_STIMULUS		88	0.1532568	0.86485153	0.74358976	0.8928043	1.0	155	tags=16%, list=10%, signal=17%	
GOBP_MONOCARBOXYLIC_ACID_BIOSYNTHETIC_PROCESS	GOBP_MONOCARBOXYLIC_ACID_BIOSYNTHETIC_PROCESS		24	0.21348318	0.86467236	0.6923077	0.8891796	1.0	175	tags=25%, list=12%, signal=28%	
GOBP_GRANULOCYTE_MIGRATION	GOBP_GRANULOCYTE_MIGRATION		40	0.1766887	0.86221194	0.70108694	0.89100754	1.0	174	tags=20%, list=12%, signal=22%	
GOMF_CHROMATIN_BINDING	GOMF_CHROMATIN_BINDING		43	0.17619878	0.8579014	0.7254902	0.89688617	1.0	94	tags=14%, list=6%, signal=14%	
GOBP_INTERLEUKIN_6_PRODUCTION	GOBP_INTERLEUKIN_6_PRODUCTION		31	0.1918213	0.8574482	0.68711656	0.8940271	1.0	121	tags=16%, list=8%, signal=17%	
GOBP_CELLULAR_RESPONSE_TO_LIGHT_STIMULUS	GOBP_CELLULAR_RESPONSE_TO_LIGHT_STIMULUS		15	0.23578736	0.85632205	0.68560606	0.8926313	1.0	209	tags=33%, list=14%, signal=38%	
GOBP_REGULATION_OF_VESICLE_MEDIATED_TRANSPORT	GOBP_REGULATION_OF_VESICLE_MEDIATED_TRANSPORT		59	0.16116475	0.85537314	0.7982456	0.8908987	1.0	108	tags=15%, list=7%, signal=16%	
GOBP_REGULATION_OF_SYNAPSE_STRUCTURE_OR_ACTIVITY	GOBP_REGULATION_OF_SYNAPSE_STRUCTURE_OR_ACTIVITY		16	0.23601061	0.84897727	0.66972476	0.9011298	1.0	297	tags=31%, list=20%, signal=38%	
GOBP_GLYCOPROTEIN_METABOLIC_PROCESS	GOBP_GLYCOPROTEIN_METABOLIC_PROCESS		21	0.21071774	0.8476402	0.71495324	0.900039	1.0	119	tags=19%, list=8%, signal=20%	
GOBP_IMMUNE_RESPONSE_REGULATING_SIGNALING_PATHWAY	GOBP_IMMUNE_RESPONSE_REGULATING_SIGNALING_PATHWAY		55	0.16517948	0.84040654	0.8145161	0.9113338	1.0	155	tags=16%, list=10%, signal=18%	
GOBP_RESPONSE_TO_HEAT	GOBP_RESPONSE_TO_HEAT		21	0.2142774	0.83981603	0.6952381	0.90834653	1.0	209	tags=24%, list=14%, signal=27%	
GOBP_AMINE_METABOLIC_PROCESS	GOBP_AMINE_METABOLIC_PROCESS		17	0.22830653	0.83871067	0.7069768	0.9067311	1.0	166	tags=24%, list=11%, signal=26%	
GOBP_GRANULOCYTE_CHEMOTAXIS	GOBP_GRANULOCYTE_CHEMOTAXIS		39	0.18002893	0.8336523	0.74863386	0.91341114	1.0	174	tags=21%, list=12%, signal=23%	
GOBP_REGULATION_OF_CELL_CYCLE_ARREST	GOBP_REGULATION_OF_CELL_CYCLE_ARREST		16	0.22653207	0.829778	0.7065637	0.91721797	1.0	209	tags=25%, list=14%, signal=29%	
GOBP_VESICLE_MEDIATED_TRANSPORT_IN_SYNAPSE	GOBP_VESICLE_MEDIATED_TRANSPORT_IN_SYNAPSE		16	0.22773857	0.8209391	0.7312775	0.9309692	1.0	935	tags=94%, list=62%, signal=244%	
GOMF_METAL_ION_TRANSMEMBRANE_TRANSPORTER_ACTIVITY	GOMF_METAL_ION_TRANSMEMBRANE_TRANSPORTER_ACTIVITY		22	0.20775041	0.82047415	0.7375566	0.9278999	1.0	280	tags=36%, list=19%, signal=44%	
GOMF_TRANSCRIPTION_COREGULATOR_ACTIVITY	GOMF_TRANSCRIPTION_COREGULATOR_ACTIVITY		26	0.17952068	0.80633503	0.84375	0.95118564	1.0	194	tags=19%, list=13%, signal=22%	
GOBP_POSITIVE_REGULATION_OF_CHEMOKINE_PRODUCTION	GOBP_POSITIVE_REGULATION_OF_CHEMOKINE_PRODUCTION		15	0.22207364	0.8054103	0.75630254	0.94897777	1.0	1177	tags=100%, list=78%, signal=449%	
GOBP_REGULATION_OF_LYMPHOCYTE_MEDIATED_IMMUNITY	GOBP_REGULATION_OF_LYMPHOCYTE_MEDIATED_IMMUNITY		19	0.21634254	0.8037468	0.79385966	0.94798815	1.0	50	tags=11%, list=3%, signal=11%	
GOMF_MODIFIED_AMINO_ACID_BINDING	GOMF_MODIFIED_AMINO_ACID_BINDING		17	0.21014062	0.80167603	0.75103736	0.9476754	1.0	175	tags=24%, list=12%, signal=26%	
GOBP_PURINE_CONTAINING_COMPOUND_METABOLIC_PROCESS	GOBP_PURINE_CONTAINING_COMPOUND_METABOLIC_PROCESS		36	0.16790575	0.8001542	0.82802546	0.94617033	1.0	35	tags=8%, list=2%, signal=8%	
GOBP_HUMORAL_IMMUNE_RESPONSE_MEDIATED_BY_CIRCULATING_IMMUNOGLOBULIN	GOBP_HUMORAL_IMMUNE_RESPONSE_MEDIATED_BY_CIRCULATING_IMMUNOGLOBULIN		16	0.21114147	0.785679	0.7962963	0.9667028	1.0	50	tags=13%, list=3%, signal=13%	
GOBP_MAINTENANCE_OF_LOCATION	GOBP_MAINTENANCE_OF_LOCATION		37	0.16771236	0.78439814	0.8518519	0.9648459	1.0	106	tags=14%, list=7%, signal=14%	
GOBP_REGULATION_OF_LYMPHOCYTE_MIGRATION	GOBP_REGULATION_OF_LYMPHOCYTE_MIGRATION		17	0.22220793	0.78350437	0.82222223	0.9623911	1.0	284	tags=29%, list=19%, signal=36%	
GOBP_CARBOHYDRATE_TRANSPORT	GOBP_CARBOHYDRATE_TRANSPORT		15	0.21714246	0.783104	0.7905138	0.95913845	1.0	260	tags=33%, list=17%, signal=40%	
GOBP_NEGATIVE_REGULATION_OF_IMMUNE_RESPONSE	GOBP_NEGATIVE_REGULATION_OF_IMMUNE_RESPONSE		22	0.19153926	0.78078735	0.77884614	0.9590191	1.0	103	tags=14%, list=7%, signal=14%	
GOCC_PHAGOCYTIC_VESICLE	GOCC_PHAGOCYTIC_VESICLE		23	0.18751764	0.7772599	0.81642514	0.96071166	1.0	195	tags=22%, list=13%, signal=25%	
GOBP_NEUROTRANSMITTER_TRANSPORT	GOBP_NEUROTRANSMITTER_TRANSPORT		22	0.1957896	0.77553934	0.7772277	0.95953053	1.0	232	tags=27%, list=15%, signal=32%	
GOCC_SPINDLE	GOCC_SPINDLE		22	0.18801455	0.7731474	0.8371041	0.95942223	1.0	304	tags=32%, list=20%, signal=39%	
GOMF_HORMONE_RECEPTOR_BINDING	GOMF_HORMONE_RECEPTOR_BINDING		16	0.20682731	0.77164817	0.776	0.95777714	1.0	1200	tags=100%, list=79%, signal=482%	
GOBP_POSITIVE_REGULATION_OF_SYNAPTIC_TRANSMISSION	GOBP_POSITIVE_REGULATION_OF_SYNAPTIC_TRANSMISSION		18	0.20576763	0.769526	0.79910713	0.95717216	1.0	199	tags=22%, list=13%, signal=25%	
GOMF_KINASE_INHIBITOR_ACTIVITY	GOMF_KINASE_INHIBITOR_ACTIVITY		16	0.20164515	0.7648906	0.8129771	0.96022254	1.0	99	tags=13%, list=7%, signal=13%	
GOBP_CILIUM_ORGANIZATION	GOBP_CILIUM_ORGANIZATION		16	0.20829469	0.7641751	0.78899086	0.95742923	1.0	4	tags=6%, list=0%, signal=6%	
GOBP_PROTEIN_LOCALIZATION_TO_NUCLEUS	GOBP_PROTEIN_LOCALIZATION_TO_NUCLEUS		24	0.18297073	0.75925183	0.87439615	0.9604011	1.0	138	tags=17%, list=9%, signal=18%	
GOBP_SMALL_GTPASE_MEDIATED_SIGNAL_TRANSDUCTION	GOBP_SMALL_GTPASE_MEDIATED_SIGNAL_TRANSDUCTION		41	0.15384625	0.7548735	0.9078014	0.96279866	1.0	1283	tags=100%, list=85%, signal=647%	
GOCC_NUCLEOLUS	GOCC_NUCLEOLUS		60	0.14422725	0.7531975	0.9338843	0.961313	1.0	293	tags=28%, list=19%, signal=34%	
GOBP_REGULATION_OF_NERVOUS_SYSTEM_PROCESS	GOBP_REGULATION_OF_NERVOUS_SYSTEM_PROCESS		16	0.20555077	0.7513527	0.80753136	0.9599348	1.0	217	tags=25%, list=14%, signal=29%	
GOBP_MICROTUBULE_CYTOSKELETON_ORGANIZATION	GOBP_MICROTUBULE_CYTOSKELETON_ORGANIZATION		36	0.16154684	0.7457465	0.89873415	0.9633492	1.0	77	tags=8%, list=5%, signal=9%	
GOBP_PROTEIN_DEPHOSPHORYLATION	GOBP_PROTEIN_DEPHOSPHORYLATION		21	0.18181135	0.74211407	0.8814433	0.9642629	1.0	202	tags=24%, list=13%, signal=27%	
GOBP_REGULATION_OF_CELLULAR_LOCALIZATION	GOBP_REGULATION_OF_CELLULAR_LOCALIZATION		71	0.13439062	0.72514844	1.0	0.98078257	1.0	156	tags=13%, list=10%, signal=13%	
GOBP_REGULATION_OF_ADAPTIVE_IMMUNE_RESPONSE	GOBP_REGULATION_OF_ADAPTIVE_IMMUNE_RESPONSE		22	0.17714055	0.72486484	0.9040404	0.9773524	1.0	50	tags=9%, list=3%, signal=9%	
GOBP_PROTEIN_MODIFICATION_BY_SMALL_PROTEIN_REMOVAL	GOBP_PROTEIN_MODIFICATION_BY_SMALL_PROTEIN_REMOVAL		16	0.19239068	0.717862	0.88429755	0.981046	1.0	104	tags=13%, list=7%, signal=13%	
GOCC_TRANS_GOLGI_NETWORK	GOCC_TRANS_GOLGI_NETWORK		20	0.18205309	0.7175854	0.90338165	0.97760504	1.0	36	tags=10%, list=2%, signal=10%	
GOBP_LYMPHOCYTE_MIGRATION	GOBP_LYMPHOCYTE_MIGRATION		24	0.16930653	0.71210194	0.91549295	0.9793611	1.0	174	tags=17%, list=12%, signal=19%	
GOBP_CHROMOSOME_ORGANIZATION	GOBP_CHROMOSOME_ORGANIZATION		66	0.13328925	0.706622	0.959596	0.98122203	1.0	115	tags=12%, list=8%, signal=13%	
GOBP_REGULATION_OF_EXOCYTOSIS	GOBP_REGULATION_OF_EXOCYTOSIS		22	0.1715679	0.6919294	0.93203884	0.9907609	1.0	107	tags=14%, list=7%, signal=14%	
GOBP_RAS_PROTEIN_SIGNAL_TRANSDUCTION	GOBP_RAS_PROTEIN_SIGNAL_TRANSDUCTION		30	0.15270273	0.6785602	0.93714285	0.99802613	1.0	1283	tags=100%, list=85%, signal=652%	
GOBP_ACTIVATION_OF_CYSTEINE_TYPE_ENDOPEPTIDASE_ACTIVITY_INVOLVED_IN_APOPTOTIC_PROCESS	GOBP_ACTIVATION_OF_CYSTEINE_TYPE_ENDOPEPTIDASE_ACTIVITY_INVOLVED_IN_APOPTOTIC_PROCESS		15	0.1866221	0.67621875	0.9382716	0.9960116	1.0	1230	tags=100%, list=81%, signal=534%	
GOCC_MITOCHONDRIAL_MATRIX	GOCC_MITOCHONDRIAL_MATRIX		16	0.18619402	0.6761502	0.90869564	0.99235946	1.0	393	tags=56%, list=26%, signal=75%	
GOBP_PROTEIN_MODIFICATION_BY_SMALL_PROTEIN_CONJUGATION_OR_REMOVAL	GOBP_PROTEIN_MODIFICATION_BY_SMALL_PROTEIN_CONJUGATION_OR_REMOVAL		55	0.12694724	0.6661953	0.9823009	0.9958485	1.0	176	tags=13%, list=12%, signal=14%	
GOMF_GTPASE_ACTIVATOR_ACTIVITY	GOMF_GTPASE_ACTIVATOR_ACTIVITY		19	0.17033984	0.6610815	0.94634145	0.99554485	1.0	1002	tags=95%, list=66%, signal=278%	
GOBP_REGULATION_OF_CELLULAR_PROTEIN_CATABOLIC_PROCESS	GOBP_REGULATION_OF_CELLULAR_PROTEIN_CATABOLIC_PROCESS		22	0.16420113	0.650846	0.9497717	0.99819267	1.0	389	tags=36%, list=26%, signal=48%	
GOBP_MONOCARBOXYLIC_ACID_TRANSPORT	GOBP_MONOCARBOXYLIC_ACID_TRANSPORT		20	0.16458772	0.6484716	0.9318182	0.99588144	1.0	149	tags=15%, list=10%, signal=16%	
GOMF_HYDROLASE_ACTIVITY_ACTING_ON_ACID_ANHYDRIDES	GOMF_HYDROLASE_ACTIVITY_ACTING_ON_ACID_ANHYDRIDES		58	0.1252184	0.64196867	0.9722222	0.99574846	1.0	223	tags=17%, list=15%, signal=19%	
GOCC_SYNAPTIC_MEMBRANE	GOCC_SYNAPTIC_MEMBRANE		27	0.15028343	0.6379715	0.9322917	0.994089	1.0	2	tags=4%, list=0%, signal=4%	
GOBP_REGULATION_OF_CALCIUM_ION_TRANSPORT_INTO_CYTOSOL	GOBP_REGULATION_OF_CALCIUM_ION_TRANSPORT_INTO_CYTOSOL		16	0.16993532	0.6091609	0.9756098	1.0	1.0	202	tags=19%, list=13%, signal=21%	
GOBP_REGULATION_OF_GTPASE_ACTIVITY	GOBP_REGULATION_OF_GTPASE_ACTIVITY		45	0.12231942	0.6059698	1.0	1.0	1.0	337	tags=29%, list=22%, signal=36%	
GOBP_PROTEIN_LOCALIZATION_TO_CELL_JUNCTION	GOBP_PROTEIN_LOCALIZATION_TO_CELL_JUNCTION		15	0.16561164	0.5782463	0.97863245	1.0	1.0	23	tags=7%, list=2%, signal=7%	
GOBP_POSITIVE_REGULATION_OF_CELLULAR_PROTEIN_CATABOLIC_PROCESS	GOBP_POSITIVE_REGULATION_OF_CELLULAR_PROTEIN_CATABOLIC_PROCESS		17	0.15137304	0.57821894	0.9829787	1.0	1.0	1283	tags=100%, list=85%, signal=658%	
GOCC_DENDRITIC_TREE	GOCC_DENDRITIC_TREE		56	0.10990975	0.556344	1.0	1.0	1.0	217	tags=14%, list=14%, signal=16%	
GOBP_PROTEIN_MODIFICATION_BY_SMALL_PROTEIN_CONJUGATION	GOBP_PROTEIN_MODIFICATION_BY_SMALL_PROTEIN_CONJUGATION		43	0.11276772	0.5440013	1.0	1.0	1.0	393	tags=35%, list=26%, signal=46%	
GOBP_POSITIVE_REGULATION_OF_GTPASE_ACTIVITY	GOBP_POSITIVE_REGULATION_OF_GTPASE_ACTIVITY		37	0.10575125	0.50096434	1.0	1.0	1.0	337	tags=27%, list=22%, signal=34%	
GOCC_CHROMOSOME_CENTROMERIC_REGION	GOCC_CHROMOSOME_CENTROMERIC_REGION		15	0.1290971	0.4582207	0.99583334	0.9994016	1.0	1316	tags=100%, list=87%, signal=771%	
